This is XeTeX, Version 3.141592653-2.6-0.999998 (MiKTeX 26.5) (preloaded format=xelatex 2026.8.10)  28 AUG 2026 12:15
entering extended mode
 restricted \write18 enabled.
 %&-line parsing enabled.
**./duodit_defense_fa.tex
(duodit_defense_fa.tex
LaTeX2e <2025-11-01>
L3 programming layer <2026-04-28>
(C:\Users\Stock Star\AppData\Local\Programs\MiKTeX\tex/latex/beamer\beamer.cls
Document Class: beamer 2026/01/22 v3.77 A class for typesetting presentations

(C:\Users\Stock Star\AppData\Local\Programs\MiKTeX\tex/latex/beamer\beamerbasem
odes.sty
(C:\Users\Stock Star\AppData\Local\Programs\MiKTeX\tex/latex/etoolbox\etoolbox.
sty
Package: etoolbox 2025/10/02 v2.5m e-TeX tools for LaTeX (JAW)
\etb@tempcnta=\count272
)
\beamer@tempbox=\box53
\beamer@tempcount=\count273
\c@beamerpauses=\count274

(C:\Users\Stock Star\AppData\Local\Programs\MiKTeX\tex/latex/beamer\beamerbased
ecode.sty
\beamer@slideinframe=\count275
\beamer@minimum=\count276
\beamer@decode@box=\box54
)
\beamer@commentbox=\box55
\beamer@modecount=\count277
)
(C:\Users\Stock Star\AppData\Local\Programs\MiKTeX\tex/generic/iftex\iftex.sty
Package: iftex 2024/12/12 v1.0g TeX engine tests
)
\headdp=\dimen150
\footheight=\dimen151
\sidebarheight=\dimen152
\beamer@tempdim=\dimen153
\beamer@finalheight=\dimen154
\beamer@animht=\dimen155
\beamer@animdp=\dimen156
\beamer@animwd=\dimen157
\beamer@leftmargin=\dimen158
\beamer@rightmargin=\dimen159
\beamer@leftsidebar=\dimen160
\beamer@rightsidebar=\dimen161
\beamer@boxsize=\dimen162
\beamer@vboxoffset=\dimen163
\beamer@descdefault=\dimen164
\beamer@descriptionwidth=\dimen165
\beamer@lastskip=\skip49
\beamer@areabox=\box56
\beamer@animcurrent=\box57
\beamer@animshowbox=\box58
\beamer@sectionbox=\box59
\beamer@logobox=\box60
\beamer@linebox=\box61
\beamer@sectioncount=\count278
\beamer@subsubsectionmax=\count279
\beamer@subsectionmax=\count280
\beamer@sectionmax=\count281
\beamer@totalheads=\count282
\beamer@headcounter=\count283
\beamer@partstartpage=\count284
\beamer@sectionstartpage=\count285
\beamer@subsectionstartpage=\count286
\beamer@animationtempa=\count287
\beamer@animationtempb=\count288
\beamer@xpos=\count289
\beamer@ypos=\count290
\beamer@ypos@offset=\count291
\beamer@showpartnumber=\count292
\beamer@currentsubsection=\count293
\beamer@coveringdepth=\count294
\beamer@sectionadjust=\count295
\beamer@toclastsection=\count296
\beamer@tocsectionnumber=\count297

(C:\Users\Stock Star\AppData\Local\Programs\MiKTeX\tex/latex/beamer\beamerbaseo
ptions.sty
(C:\Users\Stock Star\AppData\Local\Programs\MiKTeX\tex/latex/graphics\keyval.st
y
Package: keyval 2022/05/29 v1.15 key=value parser (DPC)
\KV@toks@=\toks17
))
\beamer@paperwidth=\skip50
\beamer@paperheight=\skip51

(C:\Users\Stock Star\AppData\Local\Programs\MiKTeX\tex/latex/geometry\geometry.
sty
Package: geometry 2026/03/07 v6.0 Page Geometry

(C:\Users\Stock Star\AppData\Local\Programs\MiKTeX\tex/generic/iftex\ifvtex.sty
Package: ifvtex 2019/10/25 v1.7 ifvtex legacy package. Use iftex instead.
)
\Gm@cnth=\count298
\Gm@cntv=\count299
\c@Gm@tempcnt=\count300
\Gm@bindingoffset=\dimen166
\Gm@wd@mp=\dimen167
\Gm@odd@mp=\dimen168
\Gm@even@mp=\dimen169
\Gm@layoutwidth=\dimen170
\Gm@layoutheight=\dimen171
\Gm@layouthoffset=\dimen172
\Gm@layoutvoffset=\dimen173
\Gm@dimlist=\toks18

(C:\Users\Stock Star\AppData\Local\Programs\MiKTeX\tex/latex/geometry\geometry.
cfg))
(C:\Users\Stock Star\AppData\Local\Programs\MiKTeX\tex/latex/pgf/math\pgfmath.s
ty
(C:\Users\Stock Star\AppData\Local\Programs\MiKTeX\tex/latex/pgf/utilities\pgfr
cs.sty
(C:\Users\Stock Star\AppData\Local\Programs\MiKTeX\tex/generic/pgf/utilities\pg
futil-common.tex
\pgfutil@everybye=\toks19
\pgfutil@tempdima=\dimen174
\pgfutil@tempdimb=\dimen175
)
(C:\Users\Stock Star\AppData\Local\Programs\MiKTeX\tex/generic/pgf/utilities\pg
futil-latex.def
\pgfutil@abb=\box62
)
(C:\Users\Stock Star\AppData\Local\Programs\MiKTeX\tex/generic/pgf/utilities\pg
frcs.code.tex
(C:\Users\Stock Star\AppData\Local\Programs\MiKTeX\tex/generic/pgf\pgf.revision
.tex)
Package: pgfrcs 2025-08-29 v3.1.11a (3.1.11a)
))
(C:\Users\Stock Star\AppData\Local\Programs\MiKTeX\tex/latex/pgf/utilities\pgfk
eys.sty
(C:\Users\Stock Star\AppData\Local\Programs\MiKTeX\tex/generic/pgf/utilities\pg
fkeys.code.tex
\pgfkeys@pathtoks=\toks20
\pgfkeys@temptoks=\toks21

(C:\Users\Stock Star\AppData\Local\Programs\MiKTeX\tex/generic/pgf/utilities\pg
fkeyslibraryfiltered.code.tex
\pgfkeys@tmptoks=\toks22
)))
(C:\Users\Stock Star\AppData\Local\Programs\MiKTeX\tex/generic/pgf/math\pgfmath
.code.tex
(C:\Users\Stock Star\AppData\Local\Programs\MiKTeX\tex/generic/pgf/math\pgfmath
util.code.tex
\pgf@x=\dimen176
\pgf@xa=\dimen177
\pgf@xb=\dimen178
\pgf@xc=\dimen179
\pgf@y=\dimen180
\pgf@ya=\dimen181
\pgf@yb=\dimen182
\pgf@yc=\dimen183
\c@pgf@counta=\count301
\c@pgf@countb=\count302
\c@pgf@countc=\count303
\c@pgf@countd=\count304
)
(C:\Users\Stock Star\AppData\Local\Programs\MiKTeX\tex/generic/pgf/math\pgfmath
parser.code.tex
\pgfmath@dimen=\dimen184
\pgfmath@count=\count305
\pgfmath@box=\box63
\pgfmath@toks=\toks23
\pgfmath@stack@operand=\toks24
\pgfmath@stack@operation=\toks25
)
(C:\Users\Stock Star\AppData\Local\Programs\MiKTeX\tex/generic/pgf/math\pgfmath
functions.code.tex)
(C:\Users\Stock Star\AppData\Local\Programs\MiKTeX\tex/generic/pgf/math\pgfmath
functions.basic.code.tex)
(C:\Users\Stock Star\AppData\Local\Programs\MiKTeX\tex/generic/pgf/math\pgfmath
functions.trigonometric.code.tex)
(C:\Users\Stock Star\AppData\Local\Programs\MiKTeX\tex/generic/pgf/math\pgfmath
functions.random.code.tex)
(C:\Users\Stock Star\AppData\Local\Programs\MiKTeX\tex/generic/pgf/math\pgfmath
functions.comparison.code.tex)
(C:\Users\Stock Star\AppData\Local\Programs\MiKTeX\tex/generic/pgf/math\pgfmath
functions.base.code.tex)
(C:\Users\Stock Star\AppData\Local\Programs\MiKTeX\tex/generic/pgf/math\pgfmath
functions.round.code.tex)
(C:\Users\Stock Star\AppData\Local\Programs\MiKTeX\tex/generic/pgf/math\pgfmath
functions.misc.code.tex)
(C:\Users\Stock Star\AppData\Local\Programs\MiKTeX\tex/generic/pgf/math\pgfmath
functions.integerarithmetics.code.tex)
(C:\Users\Stock Star\AppData\Local\Programs\MiKTeX\tex/generic/pgf/math\pgfmath
calc.code.tex)
(C:\Users\Stock Star\AppData\Local\Programs\MiKTeX\tex/generic/pgf/math\pgfmath
float.code.tex
\c@pgfmathroundto@lastzeros=\count306
)))
(C:\Users\Stock Star\AppData\Local\Programs\MiKTeX\tex/latex/base\size10.clo
File: size10.clo 2025/01/22 v1.4n Standard LaTeX file (size option)
)
(C:\Users\Stock Star\AppData\Local\Programs\MiKTeX\tex/latex/pgf/basiclayer\pgf
core.sty
(C:\Users\Stock Star\AppData\Local\Programs\MiKTeX\tex/latex/graphics\graphicx.
sty
Package: graphicx 2024/12/31 v1.2e Enhanced LaTeX Graphics (DPC,SPQR)

(C:\Users\Stock Star\AppData\Local\Programs\MiKTeX\tex/latex/graphics\graphics.
sty
Package: graphics 2024/08/06 v1.4g Standard LaTeX Graphics (DPC,SPQR)

(C:\Users\Stock Star\AppData\Local\Programs\MiKTeX\tex/latex/graphics\trig.sty
Package: trig 2023/12/02 v1.11 sin cos tan (DPC)
)
(C:\Users\Stock Star\AppData\Local\Programs\MiKTeX\tex/latex/graphics-cfg\graph
ics.cfg
File: graphics.cfg 2016/06/04 v1.11 sample graphics configuration
)
Package graphics Info: Driver file: xetex.def on input line 106.

(C:\Users\Stock Star\AppData\Local\Programs\MiKTeX\tex/latex/graphics-def\xetex
.def
File: xetex.def 2025/11/01 v5.0p Graphics/color driver for xetex
))
\Gin@req@height=\dimen185
\Gin@req@width=\dimen186
)
(C:\Users\Stock Star\AppData\Local\Programs\MiKTeX\tex/latex/pgf/systemlayer\pg
fsys.sty
(C:\Users\Stock Star\AppData\Local\Programs\MiKTeX\tex/generic/pgf/systemlayer\
pgfsys.code.tex
Package: pgfsys 2025-08-29 v3.1.11a (3.1.11a)
\pgf@x=\dimen187
\pgf@y=\dimen188
\pgf@xa=\dimen189
\pgf@ya=\dimen190
\pgf@xb=\dimen191
\pgf@yb=\dimen192
\pgf@xc=\dimen193
\pgf@yc=\dimen194
\pgf@xd=\dimen195
\pgf@yd=\dimen196
\w@pgf@writea=\write3
\r@pgf@reada=\read2
\c@pgf@counta=\count307
\c@pgf@countb=\count308
\c@pgf@countc=\count309
\c@pgf@countd=\count310
\t@pgf@toka=\toks26
\t@pgf@tokb=\toks27
\t@pgf@tokc=\toks28
\pgf@sys@id@count=\count311

(C:\Users\Stock Star\AppData\Local\Programs\MiKTeX\tex/generic/pgf/systemlayer\
pgf.cfg
File: pgf.cfg 2025-08-29 v3.1.11a (3.1.11a)
)
Driver file for pgf: pgfsys-xetex.def

(C:\Users\Stock Star\AppData\Local\Programs\MiKTeX\tex/generic/pgf/systemlayer\
pgfsys-xetex.def
File: pgfsys-xetex.def 2025-08-29 v3.1.11a (3.1.11a)

(C:\Users\Stock Star\AppData\Local\Programs\MiKTeX\tex/generic/pgf/systemlayer\
pgfsys-dvipdfmx.def
File: pgfsys-dvipdfmx.def 2025-08-29 v3.1.11a (3.1.11a)

(C:\Users\Stock Star\AppData\Local\Programs\MiKTeX\tex/generic/pgf/systemlayer\
pgfsys-common-pdf.def
File: pgfsys-common-pdf.def 2025-08-29 v3.1.11a (3.1.11a)
)
\pgfsys@objnum=\count312
)))
(C:\Users\Stock Star\AppData\Local\Programs\MiKTeX\tex/generic/pgf/systemlayer\
pgfsyssoftpath.code.tex
File: pgfsyssoftpath.code.tex 2025-08-29 v3.1.11a (3.1.11a)
\pgfsyssoftpath@smallbuffer@items=\count313
\pgfsyssoftpath@bigbuffer@items=\count314
)
(C:\Users\Stock Star\AppData\Local\Programs\MiKTeX\tex/generic/pgf/systemlayer\
pgfsysprotocol.code.tex
File: pgfsysprotocol.code.tex 2025-08-29 v3.1.11a (3.1.11a)
))
(C:\Users\Stock Star\AppData\Local\Programs\MiKTeX\tex/latex/xcolor\xcolor.sty
Package: xcolor 2024/09/29 v3.02 LaTeX color extensions (UK)

(C:\Users\Stock Star\AppData\Local\Programs\MiKTeX\tex/latex/graphics-cfg\color
.cfg
File: color.cfg 2016/01/02 v1.6 sample color configuration
)
Package xcolor Info: Driver file: xetex.def on input line 274.

(C:\Users\Stock Star\AppData\Local\Programs\MiKTeX\tex/latex/graphics\mathcolor
.ltx)
Package xcolor Info: Model `cmy' substituted by `cmy0' on input line 1349.
Package xcolor Info: Model `RGB' extended on input line 1365.
Package xcolor Info: Model `HTML' substituted by `rgb' on input line 1367.
Package xcolor Info: Model `Hsb' substituted by `hsb' on input line 1368.
Package xcolor Info: Model `tHsb' substituted by `hsb' on input line 1369.
Package xcolor Info: Model `HSB' substituted by `hsb' on input line 1370.
Package xcolor Info: Model `Gray' substituted by `gray' on input line 1371.
Package xcolor Info: Model `wave' substituted by `hsb' on input line 1372.
)
(C:\Users\Stock Star\AppData\Local\Programs\MiKTeX\tex/generic/pgf/basiclayer\p
gfcore.code.tex
Package: pgfcore 2025-08-29 v3.1.11a (3.1.11a)

(C:\Users\Stock Star\AppData\Local\Programs\MiKTeX\tex/generic/pgf/math\pgfint.
code.tex)
(C:\Users\Stock Star\AppData\Local\Programs\MiKTeX\tex/generic/pgf/basiclayer\p
gfcorepoints.code.tex
File: pgfcorepoints.code.tex 2025-08-29 v3.1.11a (3.1.11a)
\pgf@picminx=\dimen197
\pgf@picmaxx=\dimen198
\pgf@picminy=\dimen199
\pgf@picmaxy=\dimen256
\pgf@pathminx=\dimen257
\pgf@pathmaxx=\dimen258
\pgf@pathminy=\dimen259
\pgf@pathmaxy=\dimen260
\pgf@xx=\dimen261
\pgf@xy=\dimen262
\pgf@yx=\dimen263
\pgf@yy=\dimen264
\pgf@zx=\dimen265
\pgf@zy=\dimen266
)
(C:\Users\Stock Star\AppData\Local\Programs\MiKTeX\tex/generic/pgf/basiclayer\p
gfcorepathconstruct.code.tex
File: pgfcorepathconstruct.code.tex 2025-08-29 v3.1.11a (3.1.11a)
\pgf@path@lastx=\dimen267
\pgf@path@lasty=\dimen268
)
(C:\Users\Stock Star\AppData\Local\Programs\MiKTeX\tex/generic/pgf/basiclayer\p
gfcorepathusage.code.tex
File: pgfcorepathusage.code.tex 2025-08-29 v3.1.11a (3.1.11a)
\pgf@shorten@end@additional=\dimen269
\pgf@shorten@start@additional=\dimen270
)
(C:\Users\Stock Star\AppData\Local\Programs\MiKTeX\tex/generic/pgf/basiclayer\p
gfcorescopes.code.tex
File: pgfcorescopes.code.tex 2025-08-29 v3.1.11a (3.1.11a)
\pgfpic=\box64
\pgf@hbox=\box65
\pgf@layerbox@main=\box66
\pgf@picture@serial@count=\count315
)
(C:\Users\Stock Star\AppData\Local\Programs\MiKTeX\tex/generic/pgf/basiclayer\p
gfcoregraphicstate.code.tex
File: pgfcoregraphicstate.code.tex 2025-08-29 v3.1.11a (3.1.11a)
\pgflinewidth=\dimen271
)
(C:\Users\Stock Star\AppData\Local\Programs\MiKTeX\tex/generic/pgf/basiclayer\p
gfcoretransformations.code.tex
File: pgfcoretransformations.code.tex 2025-08-29 v3.1.11a (3.1.11a)
\pgf@pt@x=\dimen272
\pgf@pt@y=\dimen273
\pgf@pt@temp=\dimen274
)
(C:\Users\Stock Star\AppData\Local\Programs\MiKTeX\tex/generic/pgf/basiclayer\p
gfcorequick.code.tex
File: pgfcorequick.code.tex 2025-08-29 v3.1.11a (3.1.11a)
)
(C:\Users\Stock Star\AppData\Local\Programs\MiKTeX\tex/generic/pgf/basiclayer\p
gfcoreobjects.code.tex
File: pgfcoreobjects.code.tex 2025-08-29 v3.1.11a (3.1.11a)
)
(C:\Users\Stock Star\AppData\Local\Programs\MiKTeX\tex/generic/pgf/basiclayer\p
gfcorepathprocessing.code.tex
File: pgfcorepathprocessing.code.tex 2025-08-29 v3.1.11a (3.1.11a)
)
(C:\Users\Stock Star\AppData\Local\Programs\MiKTeX\tex/generic/pgf/basiclayer\p
gfcorearrows.code.tex
File: pgfcorearrows.code.tex 2025-08-29 v3.1.11a (3.1.11a)
\pgfarrowsep=\dimen275
)
(C:\Users\Stock Star\AppData\Local\Programs\MiKTeX\tex/generic/pgf/basiclayer\p
gfcoreshade.code.tex
File: pgfcoreshade.code.tex 2025-08-29 v3.1.11a (3.1.11a)
\pgf@max=\dimen276
\pgf@sys@shading@range@num=\count316
\pgf@shadingcount=\count317
)
(C:\Users\Stock Star\AppData\Local\Programs\MiKTeX\tex/generic/pgf/basiclayer\p
gfcoreimage.code.tex
File: pgfcoreimage.code.tex 2025-08-29 v3.1.11a (3.1.11a)
)
(C:\Users\Stock Star\AppData\Local\Programs\MiKTeX\tex/generic/pgf/basiclayer\p
gfcoreexternal.code.tex
File: pgfcoreexternal.code.tex 2025-08-29 v3.1.11a (3.1.11a)
\pgfexternal@startupbox=\box67
)
(C:\Users\Stock Star\AppData\Local\Programs\MiKTeX\tex/generic/pgf/basiclayer\p
gfcorelayers.code.tex
File: pgfcorelayers.code.tex 2025-08-29 v3.1.11a (3.1.11a)
)
(C:\Users\Stock Star\AppData\Local\Programs\MiKTeX\tex/generic/pgf/basiclayer\p
gfcoretransparency.code.tex
File: pgfcoretransparency.code.tex 2025-08-29 v3.1.11a (3.1.11a)
)
(C:\Users\Stock Star\AppData\Local\Programs\MiKTeX\tex/generic/pgf/basiclayer\p
gfcorepatterns.code.tex
File: pgfcorepatterns.code.tex 2025-08-29 v3.1.11a (3.1.11a)
)
(C:\Users\Stock Star\AppData\Local\Programs\MiKTeX\tex/generic/pgf/basiclayer\p
gfcorerdf.code.tex
File: pgfcorerdf.code.tex 2025-08-29 v3.1.11a (3.1.11a)
)))
(C:\Users\Stock Star\AppData\Local\Programs\MiKTeX\tex/latex/pgf/utilities\xxco
lor.sty
Package: xxcolor 2003/10/24 ver 0.1
\XC@nummixins=\count318
\XC@countmixins=\count319
)
(C:\Users\Stock Star\AppData\Local\Programs\MiKTeX\tex/latex/base\atbegshi-ltx.
sty
Package: atbegshi-ltx 2021/01/10 v1.0c Emulation of the original atbegshi
package with kernel methods
)
(C:\Users\Stock Star\AppData\Local\Programs\MiKTeX\tex/latex/hyperref\hyperref.
sty
Package: hyperref 2026-04-24 v7.01q Hypertext links for LaTeX

(C:\Users\Stock Star\AppData\Local\Programs\MiKTeX\tex/latex/kvsetkeys\kvsetkey
s.sty
Package: kvsetkeys 2022-10-05 v1.19 Key value parser (HO)
)
(C:\Users\Stock Star\AppData\Local\Programs\MiKTeX\tex/generic/kvdefinekeys\kvd
efinekeys.sty
Package: kvdefinekeys 2019-12-19 v1.6 Define keys (HO)
)
(C:\Users\Stock Star\AppData\Local\Programs\MiKTeX\tex/generic/pdfescape\pdfesc
ape.sty
Package: pdfescape 2019/12/09 v1.15 Implements pdfTeX's escape features (HO)

(C:\Users\Stock Star\AppData\Local\Programs\MiKTeX\tex/generic/ltxcmds\ltxcmds.
sty
Package: ltxcmds 2023-12-04 v1.26 LaTeX kernel commands for general use (HO)
)
(C:\Users\Stock Star\AppData\Local\Programs\MiKTeX\tex/generic/pdftexcmds\pdfte
xcmds.sty
Package: pdftexcmds 2020-06-27 v0.33 Utility functions of pdfTeX for LuaTeX (HO
)

(C:\Users\Stock Star\AppData\Local\Programs\MiKTeX\tex/generic/infwarerr\infwar
err.sty
Package: infwarerr 2019/12/03 v1.5 Providing info/warning/error messages (HO)
)
Package pdftexcmds Info: \pdf@primitive is available.
Package pdftexcmds Info: \pdf@ifprimitive is available.
Package pdftexcmds Info: \pdfdraftmode not found.
))
(C:\Users\Stock Star\AppData\Local\Programs\MiKTeX\tex/latex/hycolor\hycolor.st
y
Package: hycolor 2020-01-27 v1.10 Color options for hyperref/bookmark (HO)
)
(C:\Users\Stock Star\AppData\Local\Programs\MiKTeX\tex/latex/hyperref\nameref.s
ty
Package: nameref 2026-01-29 v2.58 Cross-referencing by name of section

(C:\Users\Stock Star\AppData\Local\Programs\MiKTeX\tex/latex/refcount\refcount.
sty
Package: refcount 2019/12/15 v3.6 Data extraction from label references (HO)
)
(C:\Users\Stock Star\AppData\Local\Programs\MiKTeX\tex/generic/gettitlestring\g
ettitlestring.sty
Package: gettitlestring 2019/12/15 v1.6 Cleanup title references (HO)

(C:\Users\Stock Star\AppData\Local\Programs\MiKTeX\tex/latex/kvoptions\kvoption
s.sty
Package: kvoptions 2022-06-15 v3.15 Key value format for package options (HO)
))
\c@section@level=\count320
)
(C:\Users\Stock Star\AppData\Local\Programs\MiKTeX\tex/generic/stringenc\string
enc.sty
Package: stringenc 2019/11/29 v1.12 Convert strings between diff. encodings (HO
)
)
\@linkdim=\dimen277
\Hy@linkcounter=\count321
\Hy@pagecounter=\count322

(C:\Users\Stock Star\AppData\Local\Programs\MiKTeX\tex/latex/hyperref\pd1enc.de
f
File: pd1enc.def 2026-04-24 v7.01q Hyperref: PDFDocEncoding definition (HO)
)
(C:\Users\Stock Star\AppData\Local\Programs\MiKTeX\tex/generic/intcalc\intcalc.
sty
Package: intcalc 2019/12/15 v1.3 Expandable calculations with integers (HO)
)
\Hy@SavedSpaceFactor=\count323

(C:\Users\Stock Star\AppData\Local\Programs\MiKTeX\tex/latex/hyperref\puenc.def
File: puenc.def 2026-04-24 v7.01q Hyperref: PDF Unicode definition (HO)
)
Package hyperref Info: Option `bookmarks' set `true' on input line 4070.
Package hyperref Info: Option `bookmarksopen' set `true' on input line 4070.
Package hyperref Info: Option `implicit' set `false' on input line 4070.
Package hyperref Info: Hyper figures OFF on input line 4199.
Package hyperref Info: Link nesting OFF on input line 4204.
Package hyperref Info: Hyper index ON on input line 4207.
Package hyperref Info: Plain pages OFF on input line 4214.
Package hyperref Info: Backreferencing OFF on input line 4219.
Package hyperref Info: Implicit mode OFF; no redefinition of LaTeX internals.
Package hyperref Info: Bookmarks ON on input line 4466.
\c@Hy@tempcnt=\count324
 (C:\Users\Stock Star\AppData\Local\Programs\MiKTeX\tex/latex/url\url.sty
\Urlmuskip=\muskip17
Package: url 2013/09/16  ver 3.4  Verb mode for urls, etc.
)
LaTeX Info: Redefining \url on input line 4805.
\XeTeXLinkMargin=\dimen278

(C:\Users\Stock Star\AppData\Local\Programs\MiKTeX\tex/generic/bitset\bitset.st
y
Package: bitset 2019/12/09 v1.3 Handle bit-vector datatype (HO)

(C:\Users\Stock Star\AppData\Local\Programs\MiKTeX\tex/generic/bigintcalc\bigin
tcalc.sty
Package: bigintcalc 2019/12/15 v1.5 Expandable calculations on big integers (HO
)
))
\Fld@menulength=\count325
\Field@Width=\dimen279
\Fld@charsize=\dimen280
Package hyperref Info: Hyper figures OFF on input line 6091.
Package hyperref Info: Link nesting OFF on input line 6096.
Package hyperref Info: Hyper index ON on input line 6099.
Package hyperref Info: backreferencing OFF on input line 6106.
Package hyperref Info: Link coloring OFF on input line 6111.
Package hyperref Info: Link coloring with OCG OFF on input line 6116.
Package hyperref Info: PDF/A mode OFF on input line 6121.
\Hy@abspage=\count326


Package hyperref Message: Stopped early.

)
Package hyperref Info: Driver (autodetected): hxetex.

(C:\Users\Stock Star\AppData\Local\Programs\MiKTeX\tex/latex/hyperref\hxetex.de
f
File: hxetex.def 2026-04-24 v7.01q Hyperref driver for XeTeX
\pdfm@box=\box68
\c@Hy@AnnotLevel=\count327
\HyField@AnnotCount=\count328
\Fld@listcount=\count329
\c@bookmark@seq@number=\count330

(C:\Users\Stock Star\AppData\Local\Programs\MiKTeX\tex/latex/rerunfilecheck\rer
unfilecheck.sty
Package: rerunfilecheck 2025-06-21 v1.11 Rerun checks for auxiliary files (HO)

(C:\Users\Stock Star\AppData\Local\Programs\MiKTeX\tex/generic/uniquecounter\un
iquecounter.sty
Package: uniquecounter 2019/12/15 v1.4 Provide unlimited unique counter (HO)
)
Package uniquecounter Info: New unique counter `rerunfilecheck' on input line 2
84.
))
(C:\Users\Stock Star\AppData\Local\Programs\MiKTeX\tex/latex/beamer\beamerbaser
equires.sty
(C:\Users\Stock Star\AppData\Local\Programs\MiKTeX\tex/latex/beamer\beamerbasec
ompatibility.sty)
(C:\Users\Stock Star\AppData\Local\Programs\MiKTeX\tex/latex/beamer\beamerbasef
ont.sty
(C:\Users\Stock Star\AppData\Local\Programs\MiKTeX\tex/latex/amsfonts\amssymb.s
ty
Package: amssymb 2013/01/14 v3.01 AMS font symbols

(C:\Users\Stock Star\AppData\Local\Programs\MiKTeX\tex/latex/amsfonts\amsfonts.
sty
Package: amsfonts 2013/01/14 v3.01 Basic AMSFonts support
\@emptytoks=\toks29
\symAMSa=\mathgroup4
\symAMSb=\mathgroup5
LaTeX Font Info:    Redeclaring math symbol \hbar on input line 98.
LaTeX Font Info:    Overwriting math alphabet `\mathfrak' in version `bold'
(Font)                  U/euf/m/n --> U/euf/b/n on input line 106.
))
(C:\Users\Stock Star\AppData\Local\Programs\MiKTeX\tex/latex/sansmathaccent\san
smathaccent.sty
Package: sansmathaccent 2020/01/31

(C:\Users\Stock Star\AppData\Local\Programs\MiKTeX\tex/latex/koma-script\scrlfi
le.sty
Package: scrlfile 2026/02/02 v3.49.2 KOMA-Script package (file load hooks)

(C:\Users\Stock Star\AppData\Local\Programs\MiKTeX\tex/latex/koma-script\scrlfi
le-hook.sty
Package: scrlfile-hook 2026/02/02 v3.49.2 KOMA-Script package (using LaTeX hook
s)

(C:\Users\Stock Star\AppData\Local\Programs\MiKTeX\tex/latex/koma-script\scrlog
o.sty
Package: scrlogo 2026/02/02 v3.49.2 KOMA-Script package (logo)
)))))
(C:\Users\Stock Star\AppData\Local\Programs\MiKTeX\tex/latex/beamer\beamerbaset
ranslator.sty
(C:\Users\Stock Star\AppData\Local\Programs\MiKTeX\tex/latex/translator\transla
tor.sty
Package: translator 2021-05-31 v1.12d Easy translation of strings in LaTeX
))
(C:\Users\Stock Star\AppData\Local\Programs\MiKTeX\tex/latex/beamer\beamerbasem
isc.sty)
(C:\Users\Stock Star\AppData\Local\Programs\MiKTeX\tex/latex/beamer\beamerbaset
woscreens.sty)
(C:\Users\Stock Star\AppData\Local\Programs\MiKTeX\tex/latex/beamer\beamerbaseo
verlay.sty
\beamer@argscount=\count331
\beamer@lastskipcover=\skip52
\beamer@trivlistdepth=\count332
)
(C:\Users\Stock Star\AppData\Local\Programs\MiKTeX\tex/latex/beamer\beamerbaset
itle.sty)
(C:\Users\Stock Star\AppData\Local\Programs\MiKTeX\tex/latex/beamer\beamerbases
ection.sty
\c@lecture=\count333
\c@part=\count334
\c@section=\count335
\c@subsection=\count336
\c@subsubsection=\count337
)
(C:\Users\Stock Star\AppData\Local\Programs\MiKTeX\tex/latex/beamer\beamerbasef
rame.sty
\beamer@framebox=\box69
\beamer@frametitlebox=\box70
\beamer@zoombox=\box71
\beamer@zoomcount=\count338
\beamer@zoomframecount=\count339
\beamer@frametextheight=\dimen281
\c@subsectionslide=\count340
\beamer@frametopskip=\skip53
\beamer@framebottomskip=\skip54
\beamer@frametopskipautobreak=\skip55
\beamer@framebottomskipautobreak=\skip56
\beamer@envbody=\toks30
\framewidth=\dimen282
\c@framenumber=\count341
)
(C:\Users\Stock Star\AppData\Local\Programs\MiKTeX\tex/latex/beamer\beamerbasev
erbatim.sty
\beamer@verbatimfileout=\write4
)
(C:\Users\Stock Star\AppData\Local\Programs\MiKTeX\tex/latex/beamer\beamerbasef
ramesize.sty
\beamer@splitbox=\box72
\beamer@autobreakcount=\count342
\beamer@autobreaklastheight=\dimen283
\beamer@frametitletoks=\toks31
\beamer@framesubtitletoks=\toks32
)
(C:\Users\Stock Star\AppData\Local\Programs\MiKTeX\tex/latex/beamer\beamerbasef
ramecomponents.sty
\beamer@colheight=\skip57
\beamer@footins=\box73
)
(C:\Users\Stock Star\AppData\Local\Programs\MiKTeX\tex/latex/beamer\beamerbasec
olor.sty)
(C:\Users\Stock Star\AppData\Local\Programs\MiKTeX\tex/latex/beamer\beamerbasen
otes.sty
\beamer@frameboxcopy=\box74
)
(C:\Users\Stock Star\AppData\Local\Programs\MiKTeX\tex/latex/beamer\beamerbaset
oc.sty)
(C:\Users\Stock Star\AppData\Local\Programs\MiKTeX\tex/latex/beamer\beamerbaset
emplates.sty
\beamer@sbttoks=\toks33

(C:\Users\Stock Star\AppData\Local\Programs\MiKTeX\tex/latex/beamer\beamerbasea
uxtemplates.sty
(C:\Users\Stock Star\AppData\Local\Programs\MiKTeX\tex/latex/beamer\beamerbaseb
oxes.sty
\bmb@box=\box75
\bmb@colorbox=\box76
\bmb@boxwidth=\dimen284
\bmb@boxheight=\dimen285
\bmb@prevheight=\dimen286
\bmb@temp=\dimen287
\bmb@dima=\dimen288
\bmb@dimb=\dimen289
\bmb@prevheight=\dimen290
)
\beamer@blockheadheight=\dimen291
))
(C:\Users\Stock Star\AppData\Local\Programs\MiKTeX\tex/latex/beamer\beamerbasel
ocalstructure.sty
(C:\Users\Stock Star\AppData\Local\Programs\MiKTeX\tex/latex/tools\enumerate.st
y
Package: enumerate 2023/07/04 v3.00 enumerate extensions (DPC)
\@enLab=\toks34
)
\beamer@bibiconwidth=\skip58
\c@figure=\count343
\c@table=\count344
\abovecaptionskip=\skip59
\belowcaptionskip=\skip60
)
(C:\Users\Stock Star\AppData\Local\Programs\MiKTeX\tex/latex/beamer\beamerbasen
avigation.sty
(C:\Users\Stock Star\AppData\Local\Programs\MiKTeX\tex/latex/beamer\beamerbasen
avigationsymbols.tex)
\beamer@section@min@dim=\dimen292
)
(C:\Users\Stock Star\AppData\Local\Programs\MiKTeX\tex/latex/beamer\beamerbaset
heorems.sty
(C:\Users\Stock Star\AppData\Local\Programs\MiKTeX\tex/latex/amsmath\amsmath.st
y
Package: amsmath 2025/07/09 v2.17z AMS math features
\@mathmargin=\skip61

For additional information on amsmath, use the `?' option.

(C:\Users\Stock Star\AppData\Local\Programs\MiKTeX\tex/latex/amsmath\amstext.st
y
Package: amstext 2024/11/17 v2.01 AMS text

(C:\Users\Stock Star\AppData\Local\Programs\MiKTeX\tex/latex/amsmath\amsgen.sty
File: amsgen.sty 1999/11/30 v2.0 generic functions
\@emptytoks=\toks35
\ex@=\dimen293
))
(C:\Users\Stock Star\AppData\Local\Programs\MiKTeX\tex/latex/amsmath\amsbsy.sty
Package: amsbsy 1999/11/29 v1.2d Bold Symbols
\pmbraise@=\dimen294
)
(C:\Users\Stock Star\AppData\Local\Programs\MiKTeX\tex/latex/amsmath\amsopn.sty
Package: amsopn 2022/04/08 v2.04 operator names
)
\inf@bad=\count345
LaTeX Info: Redefining \frac on input line 233.
\uproot@=\count346
\leftroot@=\count347
LaTeX Info: Redefining \overline on input line 398.
LaTeX Info: Redefining \colon on input line 409.
\classnum@=\count348
\DOTSCASE@=\count349
LaTeX Info: Redefining \ldots on input line 495.
LaTeX Info: Redefining \dots on input line 498.
LaTeX Info: Redefining \cdots on input line 619.
\Mathstrutbox@=\box77
\strutbox@=\box78
LaTeX Info: Redefining \big on input line 721.
LaTeX Info: Redefining \Big on input line 722.
LaTeX Info: Redefining \bigg on input line 723.
LaTeX Info: Redefining \Bigg on input line 724.
\big@size=\dimen295
LaTeX Font Info:    Redeclaring font encoding OML on input line 742.
LaTeX Font Info:    Redeclaring font encoding OMS on input line 743.
\macc@depth=\count350
LaTeX Info: Redefining \bmod on input line 904.
LaTeX Info: Redefining \pmod on input line 909.
LaTeX Info: Redefining \smash on input line 939.
LaTeX Info: Redefining \relbar on input line 969.
LaTeX Info: Redefining \Relbar on input line 970.
\c@MaxMatrixCols=\count351
\dotsspace@=\muskip18
\c@parentequation=\count352
\dspbrk@lvl=\count353
\tag@help=\toks36
\row@=\count354
\column@=\count355
\maxfields@=\count356
\andhelp@=\toks37
\eqnshift@=\dimen296
\alignsep@=\dimen297
\tagshift@=\dimen298
\tagwidth@=\dimen299
\totwidth@=\dimen300
\lineht@=\dimen301
\@envbody=\toks38
\multlinegap=\skip62
\multlinetaggap=\skip63
\mathdisplay@stack=\toks39
LaTeX Info: Redefining \[ on input line 2950.
LaTeX Info: Redefining \] on input line 2951.
)
(C:\Users\Stock Star\AppData\Local\Programs\MiKTeX\tex/latex/amscls\amsthm.sty
Package: amsthm 2020/05/29 v2.20.6
\thm@style=\toks40
\thm@bodyfont=\toks41
\thm@headfont=\toks42
\thm@notefont=\toks43
\thm@headpunct=\toks44
\thm@preskip=\skip64
\thm@postskip=\skip65
\thm@headsep=\skip66
\dth@everypar=\toks45
)
\c@theorem=\count357
)
(C:\Users\Stock Star\AppData\Local\Programs\MiKTeX\tex/latex/beamer\beamerbaset
hemes.sty))
(C:\Users\Stock Star\AppData\Local\Programs\MiKTeX\tex/latex/beamer\beamertheme
default.sty
(C:\Users\Stock Star\AppData\Local\Programs\MiKTeX\tex/latex/beamer\beamerfontt
hemedefault.sty)
(C:\Users\Stock Star\AppData\Local\Programs\MiKTeX\tex/latex/beamer\beamercolor
themedefault.sty)
(C:\Users\Stock Star\AppData\Local\Programs\MiKTeX\tex/latex/beamer\beamerinner
themedefault.sty
\beamer@dima=\dimen302
\beamer@dimb=\dimen303
)
(C:\Users\Stock Star\AppData\Local\Programs\MiKTeX\tex/latex/beamer\beamerouter
themedefault.sty))) (beamerthemelu.sty
(C:\Users\Stock Star\AppData\Local\Programs\MiKTeX\tex/latex/booktabs\booktabs.
sty
Package: booktabs 2020/01/12 v1.61803398 Publication quality tables
\heavyrulewidth=\dimen304
\lightrulewidth=\dimen305
\cmidrulewidth=\dimen306
\belowrulesep=\dimen307
\belowbottomsep=\dimen308
\aboverulesep=\dimen309
\abovetopsep=\dimen310
\cmidrulesep=\dimen311
\cmidrulekern=\dimen312
\defaultaddspace=\dimen313
\@cmidla=\count358
\@cmidlb=\count359
\@aboverulesep=\dimen314
\@belowrulesep=\dimen315
\@thisruleclass=\count360
\@lastruleclass=\count361
\@thisrulewidth=\dimen316
)
(C:\Users\Stock Star\AppData\Local\Programs\MiKTeX\tex/latex/fontspec\fontspec.
sty
(C:\Users\Stock Star\AppData\Local\Programs\MiKTeX\tex/latex/l3packages/xparse\
xparse.sty
(C:\Users\Stock Star\AppData\Local\Programs\MiKTeX\tex/latex/l3kernel\expl3.sty
Package: expl3 2026-04-28 L3 programming layer (loader) 

(C:\Users\Stock Star\AppData\Local\Programs\MiKTeX\tex/latex/l3backend\l3backen
d-xetex.def
File: l3backend-xetex.def 2026-02-18 L3 backend support: XeTeX
\g__graphics_track_int=\count362
\g__pdfannot_backend_int=\count363
\g__pdfannot_backend_link_int=\count364
))
Package: xparse 2025-10-09 L3 Experimental document command parser
)
Package: fontspec 2025/09/29 v2.9g Font selection for XeLaTeX and LuaLaTeX

(C:\Users\Stock Star\AppData\Local\Programs\MiKTeX\tex/latex/fontspec\fontspec-
xetex.sty
Package: fontspec-xetex 2025/09/29 v2.9g Font selection for XeLaTeX and LuaLaTe
X
\l__fontspec_script_int=\count365
\l__fontspec_language_int=\count366
\l__fontspec_strnum_int=\count367
\l__fontspec_tmp_int=\count368
\l__fontspec_tmpa_int=\count369
\l__fontspec_tmpb_int=\count370
\l__fontspec_tmpc_int=\count371
\l__fontspec_em_int=\count372
\l__fontspec_emdef_int=\count373
\l__fontspec_strong_int=\count374
\l__fontspec_strongdef_int=\count375
\l__fontspec_tmpa_dim=\dimen317
\l__fontspec_tmpb_dim=\dimen318
\l__fontspec_tmpc_dim=\dimen319

(C:\Users\Stock Star\AppData\Local\Programs\MiKTeX\tex/latex/base\fontenc.sty
Package: fontenc 2025/07/18 v2.1d Standard LaTeX package
)
(C:\Users\Stock Star\AppData\Local\Programs\MiKTeX\tex/latex/fontspec\fontspec.
cfg)))
(C:\Users\Stock Star\AppData\Local\Programs\MiKTeX\tex/latex/listings\listings.
sty
\lst@mode=\count376
\lst@gtempboxa=\box79
\lst@token=\toks46
\lst@length=\count377
\lst@currlwidth=\dimen320
\lst@column=\count378
\lst@pos=\count379
\lst@lostspace=\dimen321
\lst@width=\dimen322
\lst@newlines=\count380
\lst@lineno=\count381
\lst@maxwidth=\dimen323

(C:\Users\Stock Star\AppData\Local\Programs\MiKTeX\tex/latex/listings\lstpatch.
sty
File: lstpatch.sty 2025/11/14 1.11b (Carsten Heinz)
)
(C:\Users\Stock Star\AppData\Local\Programs\MiKTeX\tex/latex/listings\lstmisc.s
ty
File: lstmisc.sty 2025/11/14 1.11b (Carsten Heinz)
\c@lstnumber=\count382
\lst@skipnumbers=\count383
\lst@framebox=\box80
)
(C:\Users\Stock Star\AppData\Local\Programs\MiKTeX\tex/latex/listings\listings.
cfg
File: listings.cfg 2025/11/14 1.11b listings configuration
))
Package: listings 2025/11/14 1.11b (Carsten Heinz)

==> First Aid for listings.sty no longer applied!
    Expected:
        2024/09/23 1.10c (Carsten Heinz)
    but found:
        2025/11/14 1.11b (Carsten Heinz)
    so I'm assuming it got fixed.

(C:\Users\Stock Star\AppData\Local\Programs\MiKTeX\tex/latex/pgf/frontendlayer\
tikz.sty
(C:\Users\Stock Star\AppData\Local\Programs\MiKTeX\tex/latex/pgf/basiclayer\pgf
.sty
Package: pgf 2025-08-29 v3.1.11a (3.1.11a)

(C:\Users\Stock Star\AppData\Local\Programs\MiKTeX\tex/generic/pgf/modules\pgfm
oduleshapes.code.tex
File: pgfmoduleshapes.code.tex 2025-08-29 v3.1.11a (3.1.11a)
\pgfnodeparttextbox=\box81
)
(C:\Users\Stock Star\AppData\Local\Programs\MiKTeX\tex/generic/pgf/modules\pgfm
oduleplot.code.tex
File: pgfmoduleplot.code.tex 2025-08-29 v3.1.11a (3.1.11a)
)
(C:\Users\Stock Star\AppData\Local\Programs\MiKTeX\tex/latex/pgf/compatibility\
pgfcomp-version-0-65.sty
Package: pgfcomp-version-0-65 2025-08-29 v3.1.11a (3.1.11a)
\pgf@nodesepstart=\dimen324
\pgf@nodesepend=\dimen325
)
(C:\Users\Stock Star\AppData\Local\Programs\MiKTeX\tex/latex/pgf/compatibility\
pgfcomp-version-1-18.sty
Package: pgfcomp-version-1-18 2025-08-29 v3.1.11a (3.1.11a)
))
(C:\Users\Stock Star\AppData\Local\Programs\MiKTeX\tex/latex/pgf/utilities\pgff
or.sty
(C:\Users\Stock Star\AppData\Local\Programs\MiKTeX\tex/generic/pgf/utilities\pg
ffor.code.tex
Package: pgffor 2025-08-29 v3.1.11a (3.1.11a)
\pgffor@iter=\dimen326
\pgffor@skip=\dimen327
\pgffor@stack=\toks47
\pgffor@toks=\toks48
))
(C:\Users\Stock Star\AppData\Local\Programs\MiKTeX\tex/generic/pgf/frontendlaye
r/tikz\tikz.code.tex
Package: tikz 2025-08-29 v3.1.11a (3.1.11a)

(C:\Users\Stock Star\AppData\Local\Programs\MiKTeX\tex/generic/pgf/libraries\pg
flibraryplothandlers.code.tex
File: pgflibraryplothandlers.code.tex 2025-08-29 v3.1.11a (3.1.11a)
\pgf@plot@mark@count=\count384
\pgfplotmarksize=\dimen328
)
\tikz@lastx=\dimen329
\tikz@lasty=\dimen330
\tikz@lastxsaved=\dimen331
\tikz@lastysaved=\dimen332
\tikz@lastmovetox=\dimen333
\tikz@lastmovetoy=\dimen334
\tikzleveldistance=\dimen335
\tikzsiblingdistance=\dimen336
\tikz@figbox=\box82
\tikz@figbox@bg=\box83
\tikz@tempbox=\box84
\tikz@tempbox@bg=\box85
\tikztreelevel=\count385
\tikznumberofchildren=\count386
\tikznumberofcurrentchild=\count387
\tikz@fig@count=\count388

(C:\Users\Stock Star\AppData\Local\Programs\MiKTeX\tex/generic/pgf/modules\pgfm
odulematrix.code.tex
File: pgfmodulematrix.code.tex 2025-08-29 v3.1.11a (3.1.11a)
\pgfmatrixcurrentrow=\count389
\pgfmatrixcurrentcolumn=\count390
\pgf@matrix@numberofcolumns=\count391
)
\tikz@expandcount=\count392

(C:\Users\Stock Star\AppData\Local\Programs\MiKTeX\tex/generic/pgf/frontendlaye
r/tikz/libraries\tikzlibrarytopaths.code.tex
File: tikzlibrarytopaths.code.tex 2025-08-29 v3.1.11a (3.1.11a)
)))
(C:\Users\Stock Star\AppData\Local\Programs\MiKTeX\tex/generic/pgf/frontendlaye
r/tikz/libraries\tikzlibrarycalc.code.tex
File: tikzlibrarycalc.code.tex 2025-08-29 v3.1.11a (3.1.11a)
)
(C:\Users\Stock Star\AppData\Local\Programs\MiKTeX\tex/generic/pgf/frontendlaye
r/tikz/libraries\tikzlibrarypositioning.code.tex
File: tikzlibrarypositioning.code.tex 2025-08-29 v3.1.11a (3.1.11a)
)
(C:\Users\Stock Star\AppData\Local\Programs\MiKTeX\tex/latex/unicode-math\unico
de-math.sty
Package: unicode-math 2023/08/13 v0.8r Unicode maths in XeLaTeX and LuaLaTeX

(C:\Users\Stock Star\AppData\Local\Programs\MiKTeX\tex/latex/unicode-math\unico
de-math-xetex.sty
Package: unicode-math-xetex 2023/08/13 v0.8r Unicode maths in XeLaTeX and LuaLa
TeX

(C:\Users\Stock Star\AppData\Local\Programs\MiKTeX\tex/latex/l3packages/l3keys2
e\l3keys2e.sty
Package: l3keys2e 2025-10-09 LaTeX2e option processing using LaTeX3 keys
)
(C:\Users\Stock Star\AppData\Local\Programs\MiKTeX\tex/latex/base\fix-cm.sty
Package: fix-cm 2020/11/24 v1.1t fixes to LaTeX

(C:\Users\Stock Star\AppData\Local\Programs\MiKTeX\tex/latex/base\ts1enc.def
File: ts1enc.def 2001/06/05 v3.0e (jk/car/fm) Standard LaTeX file
LaTeX Font Info:    Redeclaring font encoding TS1 on input line 47.
LaTeX Encoding Info:    Redeclaring text command \capitalcedilla (encoding TS1)
 on input line 49.
LaTeX Encoding Info:    Redeclaring text command \capitalogonek (encoding TS1) 
on input line 52.
LaTeX Encoding Info:    Redeclaring text command \capitalgrave (encoding TS1) o
n input line 55.
LaTeX Encoding Info:    Redeclaring text command \capitalacute (encoding TS1) o
n input line 56.
LaTeX Encoding Info:    Redeclaring text command \capitalcircumflex (encoding T
S1) on input line 57.
LaTeX Encoding Info:    Redeclaring text command \capitaltilde (encoding TS1) o
n input line 58.
LaTeX Encoding Info:    Redeclaring text command \capitaldieresis (encoding TS1
) on input line 59.
LaTeX Encoding Info:    Redeclaring text command \capitalhungarumlaut (encoding
 TS1) on input line 60.
LaTeX Encoding Info:    Redeclaring text command \capitalring (encoding TS1) on
 input line 61.
LaTeX Encoding Info:    Redeclaring text command \capitalcaron (encoding TS1) o
n input line 62.
LaTeX Encoding Info:    Redeclaring text command \capitalbreve (encoding TS1) o
n input line 63.
LaTeX Encoding Info:    Redeclaring text command \capitalmacron (encoding TS1) 
on input line 64.
LaTeX Encoding Info:    Redeclaring text command \capitaldotaccent (encoding TS
1) on input line 65.
LaTeX Encoding Info:    Redeclaring text command \t (encoding TS1) on input lin
e 66.
LaTeX Encoding Info:    Redeclaring text command \capitaltie (encoding TS1) on 
input line 67.
LaTeX Encoding Info:    Redeclaring text command \newtie (encoding TS1) on inpu
t line 68.
LaTeX Encoding Info:    Redeclaring text command \capitalnewtie (encoding TS1) 
on input line 69.
LaTeX Encoding Info:    Redeclaring text symbol \textcapitalcompwordmark (encod
ing TS1) on input line 70.
LaTeX Encoding Info:    Redeclaring text symbol \textascendercompwordmark (enco
ding TS1) on input line 71.
LaTeX Encoding Info:    Redeclaring text symbol \textquotestraightbase (encodin
g TS1) on input line 72.
LaTeX Encoding Info:    Redeclaring text symbol \textquotestraightdblbase (enco
ding TS1) on input line 73.
LaTeX Encoding Info:    Redeclaring text symbol \texttwelveudash (encoding TS1)
 on input line 74.
LaTeX Encoding Info:    Redeclaring text symbol \textthreequartersemdash (encod
ing TS1) on input line 75.
LaTeX Encoding Info:    Redeclaring text symbol \textleftarrow (encoding TS1) o
n input line 76.
LaTeX Encoding Info:    Redeclaring text symbol \textrightarrow (encoding TS1) 
on input line 77.
LaTeX Encoding Info:    Redeclaring text symbol \textblank (encoding TS1) on in
put line 78.
LaTeX Encoding Info:    Redeclaring text symbol \textdollar (encoding TS1) on i
nput line 79.
LaTeX Encoding Info:    Redeclaring text symbol \textquotesingle (encoding TS1)
 on input line 80.
LaTeX Encoding Info:    Redeclaring text command \textasteriskcentered (encodin
g TS1) on input line 81.
LaTeX Encoding Info:    Redeclaring text symbol \textdblhyphen (encoding TS1) o
n input line 92.
LaTeX Encoding Info:    Redeclaring text symbol \textfractionsolidus (encoding 
TS1) on input line 93.
LaTeX Encoding Info:    Redeclaring text symbol \textzerooldstyle (encoding TS1
) on input line 94.
LaTeX Encoding Info:    Redeclaring text symbol \textoneoldstyle (encoding TS1)
 on input line 95.
LaTeX Encoding Info:    Redeclaring text symbol \texttwooldstyle (encoding TS1)
 on input line 96.
LaTeX Encoding Info:    Redeclaring text symbol \textthreeoldstyle (encoding TS
1) on input line 97.
LaTeX Encoding Info:    Redeclaring text symbol \textfouroldstyle (encoding TS1
) on input line 98.
LaTeX Encoding Info:    Redeclaring text symbol \textfiveoldstyle (encoding TS1
) on input line 99.
LaTeX Encoding Info:    Redeclaring text symbol \textsixoldstyle (encoding TS1)
 on input line 100.
LaTeX Encoding Info:    Redeclaring text symbol \textsevenoldstyle (encoding TS
1) on input line 101.
LaTeX Encoding Info:    Redeclaring text symbol \texteightoldstyle (encoding TS
1) on input line 102.
LaTeX Encoding Info:    Redeclaring text symbol \textnineoldstyle (encoding TS1
) on input line 103.
LaTeX Encoding Info:    Redeclaring text symbol \textlangle (encoding TS1) on i
nput line 104.
LaTeX Encoding Info:    Redeclaring text symbol \textminus (encoding TS1) on in
put line 105.
LaTeX Encoding Info:    Redeclaring text symbol \textrangle (encoding TS1) on i
nput line 106.
LaTeX Encoding Info:    Redeclaring text symbol \textmho (encoding TS1) on inpu
t line 107.
LaTeX Encoding Info:    Redeclaring text symbol \textbigcircle (encoding TS1) o
n input line 108.
LaTeX Encoding Info:    Redeclaring text command \textcircled (encoding TS1) on
 input line 109.
LaTeX Encoding Info:    Redeclaring text symbol \textohm (encoding TS1) on inpu
t line 115.
LaTeX Encoding Info:    Redeclaring text symbol \textlbrackdbl (encoding TS1) o
n input line 116.
LaTeX Encoding Info:    Redeclaring text symbol \textrbrackdbl (encoding TS1) o
n input line 117.
LaTeX Encoding Info:    Redeclaring text symbol \textuparrow (encoding TS1) on 
input line 118.
LaTeX Encoding Info:    Redeclaring text symbol \textdownarrow (encoding TS1) o
n input line 119.
LaTeX Encoding Info:    Redeclaring text symbol \textasciigrave (encoding TS1) 
on input line 120.
LaTeX Encoding Info:    Redeclaring text symbol \textborn (encoding TS1) on inp
ut line 121.
LaTeX Encoding Info:    Redeclaring text symbol \textdivorced (encoding TS1) on
 input line 122.
LaTeX Encoding Info:    Redeclaring text symbol \textdied (encoding TS1) on inp
ut line 123.
LaTeX Encoding Info:    Redeclaring text symbol \textleaf (encoding TS1) on inp
ut line 124.
LaTeX Encoding Info:    Redeclaring text symbol \textmarried (encoding TS1) on 
input line 125.
LaTeX Encoding Info:    Redeclaring text symbol \textmusicalnote (encoding TS1)
 on input line 126.
LaTeX Encoding Info:    Redeclaring text symbol \texttildelow (encoding TS1) on
 input line 127.
LaTeX Encoding Info:    Redeclaring text symbol \textdblhyphenchar (encoding TS
1) on input line 128.
LaTeX Encoding Info:    Redeclaring text symbol \textasciibreve (encoding TS1) 
on input line 129.
LaTeX Encoding Info:    Redeclaring text symbol \textasciicaron (encoding TS1) 
on input line 130.
LaTeX Encoding Info:    Redeclaring text symbol \textacutedbl (encoding TS1) on
 input line 131.
LaTeX Encoding Info:    Redeclaring text symbol \textgravedbl (encoding TS1) on
 input line 132.
LaTeX Encoding Info:    Redeclaring text symbol \textdagger (encoding TS1) on i
nput line 133.
LaTeX Encoding Info:    Redeclaring text symbol \textdaggerdbl (encoding TS1) o
n input line 134.
LaTeX Encoding Info:    Redeclaring text symbol \textbardbl (encoding TS1) on i
nput line 135.
LaTeX Encoding Info:    Redeclaring text symbol \textperthousand (encoding TS1)
 on input line 136.
LaTeX Encoding Info:    Redeclaring text symbol \textbullet (encoding TS1) on i
nput line 137.
LaTeX Encoding Info:    Redeclaring text symbol \textcelsius (encoding TS1) on 
input line 138.
LaTeX Encoding Info:    Redeclaring text symbol \textdollaroldstyle (encoding T
S1) on input line 139.
LaTeX Encoding Info:    Redeclaring text symbol \textcentoldstyle (encoding TS1
) on input line 140.
LaTeX Encoding Info:    Redeclaring text symbol \textflorin (encoding TS1) on i
nput line 141.
LaTeX Encoding Info:    Redeclaring text symbol \textcolonmonetary (encoding TS
1) on input line 142.
LaTeX Encoding Info:    Redeclaring text symbol \textwon (encoding TS1) on inpu
t line 143.
LaTeX Encoding Info:    Redeclaring text symbol \textnaira (encoding TS1) on in
put line 144.
LaTeX Encoding Info:    Redeclaring text symbol \textguarani (encoding TS1) on 
input line 145.
LaTeX Encoding Info:    Redeclaring text symbol \textpeso (encoding TS1) on inp
ut line 146.
LaTeX Encoding Info:    Redeclaring text symbol \textlira (encoding TS1) on inp
ut line 147.
LaTeX Encoding Info:    Redeclaring text symbol \textrecipe (encoding TS1) on i
nput line 148.
LaTeX Encoding Info:    Redeclaring text symbol \textinterrobang (encoding TS1)
 on input line 149.
LaTeX Encoding Info:    Redeclaring text symbol \textinterrobangdown (encoding 
TS1) on input line 150.
LaTeX Encoding Info:    Redeclaring text symbol \textdong (encoding TS1) on inp
ut line 151.
LaTeX Encoding Info:    Redeclaring text symbol \texttrademark (encoding TS1) o
n input line 152.
LaTeX Encoding Info:    Redeclaring text symbol \textpertenthousand (encoding T
S1) on input line 153.
LaTeX Encoding Info:    Redeclaring text symbol \textpilcrow (encoding TS1) on 
input line 154.
LaTeX Encoding Info:    Redeclaring text symbol \textbaht (encoding TS1) on inp
ut line 155.
LaTeX Encoding Info:    Redeclaring text symbol \textnumero (encoding TS1) on i
nput line 156.
LaTeX Encoding Info:    Redeclaring text symbol \textdiscount (encoding TS1) on
 input line 157.
LaTeX Encoding Info:    Redeclaring text symbol \textestimated (encoding TS1) o
n input line 158.
LaTeX Encoding Info:    Redeclaring text symbol \textopenbullet (encoding TS1) 
on input line 159.
LaTeX Encoding Info:    Redeclaring text symbol \textservicemark (encoding TS1)
 on input line 160.
LaTeX Encoding Info:    Redeclaring text symbol \textlquill (encoding TS1) on i
nput line 161.
LaTeX Encoding Info:    Redeclaring text symbol \textrquill (encoding TS1) on i
nput line 162.
LaTeX Encoding Info:    Redeclaring text symbol \textcent (encoding TS1) on inp
ut line 163.
LaTeX Encoding Info:    Redeclaring text symbol \textsterling (encoding TS1) on
 input line 164.
LaTeX Encoding Info:    Redeclaring text symbol \textcurrency (encoding TS1) on
 input line 165.
LaTeX Encoding Info:    Redeclaring text symbol \textyen (encoding TS1) on inpu
t line 166.
LaTeX Encoding Info:    Redeclaring text symbol \textbrokenbar (encoding TS1) o
n input line 167.
LaTeX Encoding Info:    Redeclaring text symbol \textsection (encoding TS1) on 
input line 168.
LaTeX Encoding Info:    Redeclaring text symbol \textasciidieresis (encoding TS
1) on input line 169.
LaTeX Encoding Info:    Redeclaring text symbol \textcopyright (encoding TS1) o
n input line 170.
LaTeX Encoding Info:    Redeclaring text symbol \textordfeminine (encoding TS1)
 on input line 171.
LaTeX Encoding Info:    Redeclaring text symbol \textcopyleft (encoding TS1) on
 input line 172.
LaTeX Encoding Info:    Redeclaring text symbol \textlnot (encoding TS1) on inp
ut line 173.
LaTeX Encoding Info:    Redeclaring text symbol \textcircledP (encoding TS1) on
 input line 174.
LaTeX Encoding Info:    Redeclaring text symbol \textregistered (encoding TS1) 
on input line 175.
LaTeX Encoding Info:    Redeclaring text symbol \textasciimacron (encoding TS1)
 on input line 176.
LaTeX Encoding Info:    Redeclaring text symbol \textdegree (encoding TS1) on i
nput line 177.
LaTeX Encoding Info:    Redeclaring text symbol \textpm (encoding TS1) on input
 line 178.
LaTeX Encoding Info:    Redeclaring text symbol \texttwosuperior (encoding TS1)
 on input line 179.
LaTeX Encoding Info:    Redeclaring text symbol \textthreesuperior (encoding TS
1) on input line 180.
LaTeX Encoding Info:    Redeclaring text symbol \textasciiacute (encoding TS1) 
on input line 181.
LaTeX Encoding Info:    Redeclaring text symbol \textmu (encoding TS1) on input
 line 182.
LaTeX Encoding Info:    Redeclaring text symbol \textparagraph (encoding TS1) o
n input line 183.
LaTeX Encoding Info:    Redeclaring text symbol \textperiodcentered (encoding T
S1) on input line 184.
LaTeX Encoding Info:    Redeclaring text symbol \textreferencemark (encoding TS
1) on input line 185.
LaTeX Encoding Info:    Redeclaring text symbol \textonesuperior (encoding TS1)
 on input line 186.
LaTeX Encoding Info:    Redeclaring text symbol \textordmasculine (encoding TS1
) on input line 187.
LaTeX Encoding Info:    Redeclaring text symbol \textsurd (encoding TS1) on inp
ut line 188.
LaTeX Encoding Info:    Redeclaring text symbol \textonequarter (encoding TS1) 
on input line 189.
LaTeX Encoding Info:    Redeclaring text symbol \textonehalf (encoding TS1) on 
input line 190.
LaTeX Encoding Info:    Redeclaring text symbol \textthreequarters (encoding TS
1) on input line 191.
LaTeX Encoding Info:    Redeclaring text symbol \texteuro (encoding TS1) on inp
ut line 192.
LaTeX Encoding Info:    Redeclaring text symbol \texttimes (encoding TS1) on in
put line 193.
LaTeX Encoding Info:    Redeclaring text symbol \textdiv (encoding TS1) on inpu
t line 194.
))
\g__um_fam_int=\count393
\g__um_fonts_used_int=\count394
\l__um_primecount_int=\count395
\g__um_primekern_muskip=\muskip19

(C:\Users\Stock Star\AppData\Local\Programs\MiKTeX\tex/latex/unicode-math\unico
de-math-table.tex))) (beamercolorthemelu.sty) (beamerinnerthemelu.sty
(C:\Users\Stock Star\AppData\Local\Programs\MiKTeX\tex/latex/environ\environ.st
y
Package: environ 2014/05/04 v0.3 A new way to define environments

(C:\Users\Stock Star\AppData\Local\Programs\MiKTeX\tex/latex/trimspaces\trimspa
ces.sty
Package: trimspaces 2009/09/17 v1.1 Trim spaces around a token list
))) (beamerouterthemelu.sty
\lusidebar@textwidth=\dimen337
\lusidebar@titlewidth=\dimen338
)
(C:\Users\Stock Star\AppData\Local\Programs\MiKTeX\tex/latex/beamer\beamercolor
themerose.sty)
\BlockTitlePadV=\skip67
\BlockBodyPadV=\skip68

(C:\Users\Stock Star\AppData\Local\Programs\MiKTeX\tex/latex/beamer\beamerfontt
hemeprofessionalfonts.sty)

! Package fontspec Error: 
(fontspec)                The font "Helvetica" cannot be found; this may be
(fontspec)                but usually is not a fontspec bug. Either there is
(fontspec)                a typo in the font name/file, the font is not
(fontspec)                installed (correctly), or there is a bug in the
(fontspec)                underlying font loading engine (XeTeX/luaotfload).

For immediate help type H <return>.
 ...                                              
                                                  
l.97 
     

A font might not be found for many reasons.
 Check the spelling, where the font is installed etc. etc.

 When in doubt, ask someone for help!



Package fontspec Info: 
(fontspec)             Could not resolve font "Helvetica/BI" (it probably
(fontspec)             doesn't exist).


Package fontspec Info: 
(fontspec)             Could not resolve font "Helvetica/B" (it probably
(fontspec)             doesn't exist).


Package fontspec Info: 
(fontspec)             Could not resolve font "Helvetica/I" (it probably
(fontspec)             doesn't exist).


! Package fontspec Error: 
(fontspec)                The font "Helvetica" cannot be found; this may be
(fontspec)                but usually is not a fontspec bug. Either there is
(fontspec)                a typo in the font name/file, the font is not
(fontspec)                installed (correctly), or there is a bug in the
(fontspec)                underlying font loading engine (XeTeX/luaotfload).

For immediate help type H <return>.
 ...                                              
                                                  
l.97 
     

A font might not be found for many reasons.
 Check the spelling, where the font is installed etc. etc.

 When in doubt, ask someone for help!



! Package fontspec Error: 
(fontspec)                The font "Helvetica" cannot be found; this may be
(fontspec)                but usually is not a fontspec bug. Either there is
(fontspec)                a typo in the font name/file, the font is not
(fontspec)                installed (correctly), or there is a bug in the
(fontspec)                underlying font loading engine (XeTeX/luaotfload).

For immediate help type H <return>.
 ...                                              
                                                  
l.97 
     

A font might not be found for many reasons.
 Check the spelling, where the font is installed etc. etc.

 When in doubt, ask someone for help!



Package fontspec Info: 
(fontspec)             Font family 'Helvetica(0)' created for font 'Helvetica'
(fontspec)             with options [Ligatures=TeX].
(fontspec)              
(fontspec)              This font family consists of the following NFSS
(fontspec)             series/shapes:
(fontspec)              
(fontspec)             - 'normal' (m/n) with NFSS spec.: <->"Helvetica"
(fontspec)             - 'small caps'  (m/sc) with NFSS spec.: <->"Helvetica"


! Package fontspec Error: 
(fontspec)                The font "Helvetica" cannot be found; this may be
(fontspec)                but usually is not a fontspec bug. Either there is
(fontspec)                a typo in the font name/file, the font is not
(fontspec)                installed (correctly), or there is a bug in the
(fontspec)                underlying font loading engine (XeTeX/luaotfload).

For immediate help type H <return>.
 ...                                              
                                                  
l.97 
     

A font might not be found for many reasons.
 Check the spelling, where the font is installed etc. etc.

 When in doubt, ask someone for help!



Package fontspec Info: 
(fontspec)             Could not resolve font "Helvetica/BI" (it probably
(fontspec)             doesn't exist).


Package fontspec Info: 
(fontspec)             Could not resolve font "Helvetica/B" (it probably
(fontspec)             doesn't exist).


Package fontspec Info: 
(fontspec)             Could not resolve font "Helvetica/I" (it probably
(fontspec)             doesn't exist).


! Package fontspec Error: 
(fontspec)                The font "Helvetica" cannot be found; this may be
(fontspec)                but usually is not a fontspec bug. Either there is
(fontspec)                a typo in the font name/file, the font is not
(fontspec)                installed (correctly), or there is a bug in the
(fontspec)                underlying font loading engine (XeTeX/luaotfload).

For immediate help type H <return>.
 ...                                              
                                                  
l.97 
     

A font might not be found for many reasons.
 Check the spelling, where the font is installed etc. etc.

 When in doubt, ask someone for help!



! Package fontspec Error: 
(fontspec)                The font "Helvetica" cannot be found; this may be
(fontspec)                but usually is not a fontspec bug. Either there is
(fontspec)                a typo in the font name/file, the font is not
(fontspec)                installed (correctly), or there is a bug in the
(fontspec)                underlying font loading engine (XeTeX/luaotfload).

For immediate help type H <return>.
 ...                                              
                                                  
l.97 
     

A font might not be found for many reasons.
 Check the spelling, where the font is installed etc. etc.

 When in doubt, ask someone for help!



Package fontspec Info: 
(fontspec)             Font family 'Helvetica(1)' created for font 'Helvetica'
(fontspec)             with options [].
(fontspec)              
(fontspec)              This font family consists of the following NFSS
(fontspec)             series/shapes:
(fontspec)              
(fontspec)             - 'normal' (m/n) with NFSS spec.: <->"Helvetica"
(fontspec)             - 'small caps'  (m/sc) with NFSS spec.: <->"Helvetica"

LaTeX Font Info:    Overwriting math alphabet `\mathrm' in version `normal'
(Font)                  OT1/cmr/m/n --> TU/Helvetica(1)/m/n on input line 97.
LaTeX Font Info:    Overwriting math alphabet `\mathit' in version `normal'
(Font)                  OT1/cmr/m/it --> TU/Helvetica(1)/m/it on input line 97.

LaTeX Font Info:    Overwriting math alphabet `\mathbf' in version `normal'
(Font)                  OT1/cmr/bx/n --> TU/Helvetica(1)/b/n on input line 97.

! Package fontspec Error: 
(fontspec)                The font "Helvetica" cannot be found; this may be
(fontspec)                but usually is not a fontspec bug. Either there is
(fontspec)                a typo in the font name/file, the font is not
(fontspec)                installed (correctly), or there is a bug in the
(fontspec)                underlying font loading engine (XeTeX/luaotfload).

For immediate help type H <return>.
 ...                                              
                                                  
l.99 
     

A font might not be found for many reasons.
 Check the spelling, where the font is installed etc. etc.

 When in doubt, ask someone for help!



! Package fontspec Error: 
(fontspec)                The font "Helvetica" cannot be found; this may be
(fontspec)                but usually is not a fontspec bug. Either there is
(fontspec)                a typo in the font name/file, the font is not
(fontspec)                installed (correctly), or there is a bug in the
(fontspec)                underlying font loading engine (XeTeX/luaotfload).

For immediate help type H <return>.
 ...                                              
                                                  
l.99 
     

A font might not be found for many reasons.
 Check the spelling, where the font is installed etc. etc.

 When in doubt, ask someone for help!


LaTeX Font Info:    Overwriting math alphabet `\mathsf' in version `normal'
(Font)                  OT1/cmss/m/n --> TU/Helvetica(1)/m/n on input line 99.
LaTeX Font Info:    Overwriting math alphabet `\mathsf' in version `bold'
(Font)                  OT1/cmss/bx/n --> TU/Helvetica(1)/b/n on input line 99.

! Font TU/Helvetica(0)/m/n/10=Helvetica at 10.0pt not loadable: Metric (TFM) fi
le or installed font not found.
<to be read again> 
                   relax 
l.99 
     
I wasn't able to read the size data for this font,
so I will ignore the font specification.
[Wizards can fix TFM files using TFtoPL/PLtoTF.]
You might try inserting a different font spec;
e.g., type `I\font<same font id>=<substitute font name>'.


! Package fontspec Error: 
(fontspec)                The font "Courier" cannot be found; this may be
(fontspec)                but usually is not a fontspec bug. Either there is
(fontspec)                a typo in the font name/file, the font is not
(fontspec)                installed (correctly), or there is a bug in the
(fontspec)                underlying font loading engine (XeTeX/luaotfload).

For immediate help type H <return>.
 ...                                              
                                                  
l.104 ]
       

A font might not be found for many reasons.
 Check the spelling, where the font is installed etc. etc.

 When in doubt, ask someone for help!



Package fontspec Info: 
(fontspec)             Courier scale = 0.9.


Package fontspec Info: 
(fontspec)             Could not resolve font "Courier/BI" (it probably
(fontspec)             doesn't exist).


Package fontspec Info: 
(fontspec)             Could not resolve font "Courier/B" (it probably doesn't
(fontspec)             exist).


Package fontspec Info: 
(fontspec)             Could not resolve font "Courier/I" (it probably doesn't
(fontspec)             exist).


! Package fontspec Error: 
(fontspec)                The font "Courier" cannot be found; this may be
(fontspec)                but usually is not a fontspec bug. Either there is
(fontspec)                a typo in the font name/file, the font is not
(fontspec)                installed (correctly), or there is a bug in the
(fontspec)                underlying font loading engine (XeTeX/luaotfload).

For immediate help type H <return>.
 ...                                              
                                                  
l.104 ]
       

A font might not be found for many reasons.
 Check the spelling, where the font is installed etc. etc.

 When in doubt, ask someone for help!



! Package fontspec Error: 
(fontspec)                The font "Courier" cannot be found; this may be
(fontspec)                but usually is not a fontspec bug. Either there is
(fontspec)                a typo in the font name/file, the font is not
(fontspec)                installed (correctly), or there is a bug in the
(fontspec)                underlying font loading engine (XeTeX/luaotfload).

For immediate help type H <return>.
 ...                                              
                                                  
l.104 ]
       

A font might not be found for many reasons.
 Check the spelling, where the font is installed etc. etc.

 When in doubt, ask someone for help!



Package fontspec Info: 
(fontspec)             Courier scale = 0.9.


Package fontspec Info: 
(fontspec)             Courier scale = 0.9.


Package fontspec Info: 
(fontspec)             Font family 'Courier(0)' created for font 'Courier'
(fontspec)             with options
(fontspec)             [WordSpace={1,0,0},HyphenChar=None,PunctuationSpace=Word
Space,Scale=0.9].
(fontspec)              
(fontspec)              This font family consists of the following NFSS
(fontspec)             series/shapes:
(fontspec)              
(fontspec)             - 'normal' (m/n) with NFSS spec.: <->s*[0.9]"Courier"
(fontspec)             - 'small caps'  (m/sc) with NFSS spec.:
(fontspec)             <->s*[0.9]"Courier"
(fontspec)             and font adjustment code:
(fontspec)             \fontdimen 2\font =1\fontdimen 2\font \fontdimen 3\font
(fontspec)             =0\fontdimen 3\font \fontdimen 4\font =0\fontdimen
(fontspec)             4\font \fontdimen 7\font =0\fontdimen 2\font
(fontspec)             \tex_hyphenchar:D \font =-1\scan_stop: 


! Package fontspec Error: 
(fontspec)                The font "Courier" cannot be found; this may be
(fontspec)                but usually is not a fontspec bug. Either there is
(fontspec)                a typo in the font name/file, the font is not
(fontspec)                installed (correctly), or there is a bug in the
(fontspec)                underlying font loading engine (XeTeX/luaotfload).

For immediate help type H <return>.
 ...                                              
                                                  
l.104 ]
       

A font might not be found for many reasons.
 Check the spelling, where the font is installed etc. etc.

 When in doubt, ask someone for help!



Package fontspec Info: 
(fontspec)             Courier scale = 0.9.


Package fontspec Info: 
(fontspec)             Could not resolve font "Courier/BI" (it probably
(fontspec)             doesn't exist).


Package fontspec Info: 
(fontspec)             Could not resolve font "Courier/B" (it probably doesn't
(fontspec)             exist).


Package fontspec Info: 
(fontspec)             Could not resolve font "Courier/I" (it probably doesn't
(fontspec)             exist).


! Package fontspec Error: 
(fontspec)                The font "Courier" cannot be found; this may be
(fontspec)                but usually is not a fontspec bug. Either there is
(fontspec)                a typo in the font name/file, the font is not
(fontspec)                installed (correctly), or there is a bug in the
(fontspec)                underlying font loading engine (XeTeX/luaotfload).

For immediate help type H <return>.
 ...                                              
                                                  
l.104 ]
       

A font might not be found for many reasons.
 Check the spelling, where the font is installed etc. etc.

 When in doubt, ask someone for help!



! Package fontspec Error: 
(fontspec)                The font "Courier" cannot be found; this may be
(fontspec)                but usually is not a fontspec bug. Either there is
(fontspec)                a typo in the font name/file, the font is not
(fontspec)                installed (correctly), or there is a bug in the
(fontspec)                underlying font loading engine (XeTeX/luaotfload).

For immediate help type H <return>.
 ...                                              
                                                  
l.104 ]
       

A font might not be found for many reasons.
 Check the spelling, where the font is installed etc. etc.

 When in doubt, ask someone for help!



Package fontspec Info: 
(fontspec)             Courier scale = 0.9.


Package fontspec Info: 
(fontspec)             Courier scale = 0.9.


Package fontspec Info: 
(fontspec)             Font family 'Courier(1)' created for font 'Courier'
(fontspec)             with options [Scale=0.9].
(fontspec)              
(fontspec)              This font family consists of the following NFSS
(fontspec)             series/shapes:
(fontspec)              
(fontspec)             - 'normal' (m/n) with NFSS spec.: <->s*[0.9]"Courier"
(fontspec)             - 'small caps'  (m/sc) with NFSS spec.:
(fontspec)             <->s*[0.9]"Courier"

LaTeX Font Info:    Overwriting math alphabet `\mathtt' in version `normal'
(Font)                  OT1/cmtt/m/n --> TU/Courier(1)/m/n on input line 104.
LaTeX Font Info:    Overwriting math alphabet `\mathtt' in version `bold'
(Font)                  OT1/cmtt/m/n --> TU/Courier(1)/b/n on input line 104.
)
(C:\Users\Stock Star\AppData\Local\Programs\MiKTeX\tex/latex/appendixnumberbeam
er\appendixnumberbeamer.sty)
(C:\Users\Stock Star\AppData\Local\Programs\MiKTeX\tex/latex/tools\array.sty
Package: array 2025/09/25 v2.6n Tabular extension package (FMi)
\col@sep=\dimen339
\ar@mcellbox=\box86
\extrarowheight=\dimen340
\NC@list=\toks49
\extratabsurround=\skip69
\backup@length=\skip70
\ar@cellbox=\box87
)
(C:\Users\Stock Star\AppData\Local\Programs\MiKTeX\tex/latex/animate\animate.st
y
Package: animate 2024/10/14 PDF & SVG animations from files and inline graphics

 (C:\Users\Stock Star\AppData\Local\Programs\MiKTeX\tex/latex/base\ifthen.sty
Package: ifthen 2024/03/16 v1.1e Standard LaTeX ifthen package (DPC)
)
(C:\Users\Stock Star\AppData\Local\Programs\MiKTeX\tex/latex/oberdiek\ifdraft.s
ty
Package: ifdraft 2016/05/16 v1.4 Detect class options draft and final (HO)
) (C:\Users\Stock Star\AppData\Local\Programs\MiKTeX\tex/latex/tools\calc.sty
Package: calc 2025/03/01 v4.3b Infix arithmetic (KKT,FJ)
\calc@Acount=\count396
\calc@Bcount=\count397
\calc@Adimen=\dimen341
\calc@Bdimen=\dimen342
\calc@Askip=\skip71
\calc@Bskip=\skip72
LaTeX Info: Redefining \setlength on input line 86.
LaTeX Info: Redefining \addtolength on input line 87.
\calc@Ccount=\count398
\calc@Cskip=\skip73
)
(C:\Users\Stock Star\AppData\Local\Programs\MiKTeX\tex/latex/media9\pdfbase.sty
Package: pdfbase 2024/09/16 v0.59 driver independent access to low-level PDF fe
atures
\g_pbs_page_int=\count399
\g_pbs_obj_int=\count400
\g_pbs_oc_int=\count401
)
(C:\Users\Stock Star\AppData\Local\Programs\MiKTeX\tex/latex/zref\zref-abspage.
sty
Package: zref-abspage 2026-03-07 v2.37 Module abspage for zref (HO)

(C:\Users\Stock Star\AppData\Local\Programs\MiKTeX\tex/latex/zref\zref-base.sty
Package: zref-base 2026-03-07 v2.37 Module base for zref (HO)

(C:\Users\Stock Star\AppData\Local\Programs\MiKTeX\tex/generic/etexcmds\etexcmd
s.sty
Package: etexcmds 2019/12/15 v1.7 Avoid name clashes with e-TeX commands (HO)
)
(C:\Users\Stock Star\AppData\Local\Programs\MiKTeX\tex/latex/auxhook\auxhook.st
y
Package: auxhook 2019-12-17 v1.6 Hooks for auxiliary files (HO)
)
Package zref Info: New property list: main on input line 767.
Package zref Info: New property: default on input line 768.
Package zref Info: New property: page on input line 769.
)
\c@abspage=\count402
Package zref Info: New property: abspage on input line 67.
)
(C:\Users\Stock Star\AppData\Local\Programs\MiKTeX\tex/latex/ocgx2\ocgbase.sty
Package: ocgbase 2024/09/15 v0.24 support package for ocgx2.sty
)
\@anim@box=\box88
\@anim@measbox=\box89
\@anim@tmpdima=\dimen343
\@anim@tmpdimb=\dimen344
\@anim@num=\count403
\@anim@curframe=\count404
\@anim@curframe@zb=\count405
\@anim@resizeflags=\count406
\@anim@skipfram=\count407
\@anim@mulframecnt=\count408
\@anim@@tmlnfile=\read3
\@anim@tmpcnt=\count409
\c@@anim@ltxcnt=\count410
\@anim@curlayer=\count411
\@anim@lineno=\count412
\@anim@curfield=\count413
\@anim@@resizeflags=\count414
)
(C:\Users\Stock Star\AppData\Local\Programs\MiKTeX\tex/latex/multirow\multirow.
sty
Package: multirow 2024/11/12 v2.9 Span multiple rows of a table
\multirow@colwidth=\skip74
\multirow@cntb=\count415
\multirow@dima=\skip75
\bigstrutjot=\dimen345
)
(C:\Users\Stock Star\AppData\Local\Programs\MiKTeX\tex/latex/ragged2e\ragged2e.
sty
Package: ragged2e 2023/06/22 v3.6 ragged2e Package
\CenteringLeftskip=\skip76
\RaggedLeftLeftskip=\skip77
\RaggedRightLeftskip=\skip78
\CenteringRightskip=\skip79
\RaggedLeftRightskip=\skip80
\RaggedRightRightskip=\skip81
\CenteringParfillskip=\skip82
\RaggedLeftParfillskip=\skip83
\RaggedRightParfillskip=\skip84
\JustifyingParfillskip=\skip85
\CenteringParindent=\skip86
\RaggedLeftParindent=\skip87
\RaggedRightParindent=\skip88
\JustifyingParindent=\skip89
)
(C:\Users\Stock Star\AppData\Local\Programs\MiKTeX\tex/generic/pgf/libraries\pg
flibraryarrows.meta.code.tex
File: pgflibraryarrows.meta.code.tex 2025-08-29 v3.1.11a (3.1.11a)
\pgfarrowinset=\dimen346
\pgfarrowlength=\dimen347
\pgfarrowwidth=\dimen348
\pgfarrowlinewidth=\dimen349
)
(C:\Users\Stock Star\AppData\Local\Programs\MiKTeX\tex/generic/pgf/frontendlaye
r/tikz/libraries\tikzlibraryfit.code.tex
File: tikzlibraryfit.code.tex 2025-08-29 v3.1.11a (3.1.11a)
)
(C:\Users\Stock Star\AppData\Local\Programs\MiKTeX\tex/generic/pgf/frontendlaye
r/tikz/libraries\tikzlibraryshapes.geometric.code.tex
File: tikzlibraryshapes.geometric.code.tex 2025-08-29 v3.1.11a (3.1.11a)

(C:\Users\Stock Star\AppData\Local\Programs\MiKTeX\tex/generic/pgf/libraries/sh
apes\pgflibraryshapes.geometric.code.tex
File: pgflibraryshapes.geometric.code.tex 2025-08-29 v3.1.11a (3.1.11a)
))

Package hyperref Warning: Token not allowed in a PDF string (Unicode):
(hyperref)                removing `\\' on input line 21.


(C:\Users\Stock Star\AppData\Local\Programs\MiKTeX\tex/latex/xepersian\xepersia
n.sty
Package: xepersian 2026/01/01 v26.01.01 (Release Iran) Persian typesetting in X
eLaTeX

****************************************************
* 
* xepersian package (Persian for LaTeX format in XeTeX and LuaTeX engines)
* 
* Description: A convenient interface for typesetting Persian and
English documents with LaTeX format in XeTeX and LuaTeX engines.
* 
* Copyright (c) 2008--2026 Vafa Khalighi
* Copyright (c) 2018--2020 bidi-tex GitHub Organization
* 
* v26.01.01 (Release Iran), 2026/01/01
* 
* License: LaTeX Project Public License, version
* 1.3c or higher (your choice)
* 
* Location on CTAN: /macros/unicodetex/latex/xepersian
* 
* Issue tracker: https://github.com/xepersian/xepersian/issues
* 
* Primary author of xepersian package: Vafa Khalighi.
* 
****************************************************

(C:\Users\Stock Star\AppData\Local\Programs\MiKTeX\tex/latex/xepersian\unicode-
persiancal.sty
Package: unicode-persiancal 2025/01/01 v0.3 Unicode Persian calendar
\XePersian@i=\count416
\XePersian@y=\count417
\XePersian@m=\count418
\XePersian@d=\count419
\XePersian@latini=\count420
\XePersian@persiani=\count421
\XePersian@latinii=\count422
\XePersian@persianii=\count423
\XePersian@latiniii=\count424
\XePersian@persianiii=\count425
\XePersian@latiniv=\count426
\XePersian@persianiv=\count427
\XePersian@latinv=\count428
\XePersian@persianv=\count429
\XePersian@latinvi=\count430
\XePersian@persianvi=\count431
\XePersian@latinvii=\count432
\XePersian@persianvii=\count433
\XePersian@latinviii=\count434
\XePersian@persianviii=\count435
\XePersian@latinix=\count436
\XePersian@persianix=\count437
\XePersian@latinx=\count438
\XePersian@persianx=\count439
\XePersian@latinxi=\count440
\XePersian@persianxi=\count441
\XePersian@latinxii=\count442
\XePersian@persianxii=\count443
\XePersian@persianxiii=\count444
\XePersian@temp=\count445
\XePersian@temptwo=\count446
\XePersian@tempthree=\count447
\XePersian@yModHundred=\count448
\XePersian@thirtytwo=\count449
\XePersian@dn=\count450
\XePersian@sn=\count451
\XePersian@mminusone=\count452
)
(C:\Users\Stock Star\AppData\Local\Programs\MiKTeX\tex/latex/xepersian\unicode-
persianmath.sty
Package: unicode-persianmath 2026/01/01 v1.2.6 Unicode Persian math
)
(C:\Users\Stock Star\AppData\Local\Programs\MiKTeX\tex/latex/bidi\bidi.sty
Package: bidi 2026/01/08 v26.01.08 (Release Iran) Bidirectional typesetting in 
plain TeX and LaTeX

****************************************************
* 
* bidi package (Bidirectional typesetting with
* plain TeX and LaTeX formats in XeTeX and LuaTeX engines)
* 
* Description: A convenient interface for
* typesetting bidirectional texts in plain TeX
* and LaTeX. The package includes adaptations
* for use with many other commonly-used packages.
* 
* Copyright (c) 2007--2026 Vafa Khalighi
* Copyright (c) 2018--2020 bidi-tex GitHub organization
* 
* v26.01.08 (Release Iran), 2026/01/08
* 
* License: LaTeX Project Public License, version
* 1.3c or higher (your choice)
* 
* Location on CTAN: /macros/unicodetex/generic/bidi
* 
* Issue tracker: https://github.com/xepersian/bidi/issues
* 
* Primary author of bidi package: Vafa Khalighi.
* 
****************************************************

(C:\Users\Stock Star\AppData\Local\Programs\MiKTeX\tex/latex/bidi\biditools.sty
Package: biditools 2025/12/19 v2.9 Programming tools for bidi package
\@bidi@envbody=\toks50
\@bidi@emptytoks=\toks51
\bidi@poscount=\count453
\bidi@tempcountb=\count454
\bidi@temptoksa=\toks52
\bidi@temptoksb=\toks53
\bidi@dummies=\count455
\bidi@are@these@correct=\toks54
\bidi@toks@lista=\toks55
\bidi@toks@listb=\toks56
\bidi@stack@length=\count456
\bidi@empty@stack=\toks57
\bidi@looprepeat@depth=\count457
)
\@bidi@copyins@=\insert252
\bidi@typesethour=\count458
\bidi@typesetminute=\count459

(C:\Users\Stock Star\AppData\Local\Programs\MiKTeX\tex/latex/bidi\latex-xetex-b
idi.def
File: latex-xetex-bidi.def 2025/12/19 v1.5.6 bidi adaptations for `latex.ltx' f
or XeTeX engine
\bidi@n@everypar=\toks58
LaTeX Info: Redefining \centerline on input line 317.
LaTeX Info: Redefining \leftline on input line 326.
LaTeX Info: Redefining \rightline on input line 327.
LaTeX Info: Redefining \underline on input line 335.
\bidi@column@check@number=\count460

(C:\Users\Stock Star\AppData\Local\Programs\MiKTeX\tex/latex/bidi\footnote-xete
x-bidi.def
File: footnote-xetex-bidi.def 2025/09/30 v1.6 bidi footnote macros for XeTeX en
gine
\c@footdir@label=\count461
\footdir@toks=\toks59
)
(C:\Users\Stock Star\AppData\Local\Programs\MiKTeX\tex/latex/bidi\beamer-xetex-
bidi.def
File: beamer-xetex-bidi.def 2022/06/07 v0.3 bidi adaptations for beamer class f
or XeTeX engine
)
(C:\Users\Stock Star\AppData\Local\Programs\MiKTeX\tex/latex/bidi\amsmath-xetex
-bidi.def
File: amsmath-xetex-bidi.def 2020/05/16 v1.2 bidi adaptations for amsmath packa
ge for XeTeX engine
)
(C:\Users\Stock Star\AppData\Local\Programs\MiKTeX\tex/latex/bidi\amstext-xetex
-bidi.def
File: amstext-xetex-bidi.def 2016/09/12 v0.2 bidi adaptations for amstext packa
ge for XeTeX engine
)
(C:\Users\Stock Star\AppData\Local\Programs\MiKTeX\tex/latex/bidi\amsthm-xetex-
bidi.def
File: amsthm-xetex-bidi.def 2010/07/25 v0.1 bidi adaptations for amsthm package
 for XeTeX engine
)
(C:\Users\Stock Star\AppData\Local\Programs\MiKTeX\tex/latex/bidi\array-xetex-b
idi.def
File: array-xetex-bidi.def 2025/12/06 v0.8 bidi adaptations for array package f
or XeTeX engine
)
(C:\Users\Stock Star\AppData\Local\Programs\MiKTeX\tex/latex/bidi\beamerbaseaux
templates-xetex-bidi.def
File: beamerbaseauxtemplates-xetex-bidi.def 2025/01/03 v0.5 bidi adaptations fo
r beamerbaseauxtemplates package for XeTeX engine
)
(C:\Users\Stock Star\AppData\Local\Programs\MiKTeX\tex/latex/bidi\beamerbasebox
es-xetex-bidi.def
File: beamerbaseboxes-xetex-bidi.def 2022/06/01 v0.1 bidi adaptations for beame
rbaseboxes package for XeTeX engine
)
(C:\Users\Stock Star\AppData\Local\Programs\MiKTeX\tex/latex/bidi\beamerbasecol
or-xetex-bidi.def
File: beamerbasecolor-xetex-bidi.def 2022/06/07 v0.2 bidi adaptations for beame
rbasecolor package for XeTeX engine
)
(C:\Users\Stock Star\AppData\Local\Programs\MiKTeX\tex/latex/bidi\beamerbasecom
patibility-xetex-bidi.def
File: beamerbasecompatibility-xetex-bidi.def 2022/06/27 v0.1 bidi adaptations f
or beamerbasecompatibility package for XeTeX engine
)
(C:\Users\Stock Star\AppData\Local\Programs\MiKTeX\tex/latex/bidi\beamerbasefra
mecomponents-xetex-bidi.def
File: beamerbaseframecomponents-xetex-bidi.def 2025/09/30 v0.8 bidi adaptations
 for beamerbaseframecomponents package for XeTeX engine
)
(C:\Users\Stock Star\AppData\Local\Programs\MiKTeX\tex/latex/bidi\beamerbasefra
mesize-xetex-bidi.def
File: beamerbaseframesize-xetex-bidi.def 2022/06/27 v0.1 bidi adaptations for b
eamerbaseframesize package for XeTeX engine
)
(C:\Users\Stock Star\AppData\Local\Programs\MiKTeX\tex/latex/bidi\beamerbaseloc
alstructure-xetex-bidi.def
File: beamerbaselocalstructure-xetex-bidi.def 2022/05/24 v0.1 bidi adaptations 
for beamerbaselocalstructure package for XeTeX engine
)
(C:\Users\Stock Star\AppData\Local\Programs\MiKTeX\tex/latex/bidi\beamerbasemis
c-xetex-bidi.def
File: beamerbasemisc-xetex-bidi.def 2022/06/27 v0.1 bidi adaptations for beamer
basemisc package for XeTeX engine
)
(C:\Users\Stock Star\AppData\Local\Programs\MiKTeX\tex/latex/bidi\beamerbasenav
igation-xetex-bidi.def
File: beamerbasenavigation-xetex-bidi.def 2022/06/27 v0.2 bidi adaptations for 
beamerbasenavigation package for XeTeX engine
)
(C:\Users\Stock Star\AppData\Local\Programs\MiKTeX\tex/latex/bidi\beamerbaseove
rlay-xetex-bidi.def
File: beamerbaseoverlay-xetex-bidi.def 2022/06/10 v0.1 bidi adaptations for bea
merbaseoverlay package for XeTeX engine
)
(C:\Users\Stock Star\AppData\Local\Programs\MiKTeX\tex/latex/bidi\beamerinnerth
emedefault-xetex-bidi.def
File: beamerinnerthemedefault-xetex-bidi.def 2022/06/27 v0.6 bidi adaptations f
or beamerinnerthemedefault package for XeTeX engine
)
(C:\Users\Stock Star\AppData\Local\Programs\MiKTeX\tex/latex/bidi\beamerouterth
emedefault-xetex-bidi.def
File: beamerouterthemedefault-xetex-bidi.def 2022/06/27 v0.2 bidi adaptations f
or beamerouterthemedefault package for XeTeX engine
)
(C:\Users\Stock Star\AppData\Local\Programs\MiKTeX\tex/latex/bidi\color-xetex-b
idi.def
File: color-xetex-bidi.def 2013/04/08 v0.2 bidi adaptations for color package f
or XeTeX engine
LaTeX Info: Redefining \color on input line 50.
)
(C:\Users\Stock Star\AppData\Local\Programs\MiKTeX\tex/latex/bidi\geometry-xete
x-bidi.def
File: geometry-xetex-bidi.def 2017/01/14 v0.2 bidi adaptations for geometry pac
kage for XeTeX engine
)
(C:\Users\Stock Star\AppData\Local\Programs\MiKTeX\tex/latex/bidi\graphicx-xete
x-bidi.def
File: graphicx-xetex-bidi.def 2017/06/17 v0.5 bidi adaptations for graphicx pac
kage for XeTeX engine
)
(C:\Users\Stock Star\AppData\Local\Programs\MiKTeX\tex/latex/bidi\hyperref-xete
x-bidi.def
File: hyperref-xetex-bidi.def 2025/12/06 v1.5 bidi adaptations for hyperref pac
kage for XeTeX engine
)
(C:\Users\Stock Star\AppData\Local\Programs\MiKTeX\tex/latex/bidi\listings-xete
x-bidi.def
File: listings-xetex-bidi.def 2025/01/03 v1.6 bidi adaptations for listings pac
kage for XeTeX engine
)
(C:\Users\Stock Star\AppData\Local\Programs\MiKTeX\tex/latex/bidi\pdfbase-xetex
-bidi.def
File: pdfbase-xetex-bidi.def 2022/02/18 v0.4 bidi adaptations for pdfbase packa
ge for XeTeX engine
)
(C:\Users\Stock Star\AppData\Local\Programs\MiKTeX\tex/latex/bidi\pgfsys-xetex-
bidi.def
File: pgfsys-xetex-bidi.def 2025/01/05 v0.1 bidi adaptations for pgfsys package
 for XeTeX engine
)
(C:\Users\Stock Star\AppData\Local\Programs\MiKTeX\tex/latex/bidi\ragged2e-xete
x-bidi.def
File: ragged2e-xetex-bidi.def 2018/10/17 v0.3 bidi adaptations for ragged2e pac
kage for XeTeX engine
)
(C:\Users\Stock Star\AppData\Local\Programs\MiKTeX\tex/latex/bidi\xcolor-xetex-
bidi.def
File: xcolor-xetex-bidi.def 2022/06/13 v0.3 bidi adaptations for xcolor package
 for XeTeX engine
LaTeX Info: Redefining \color on input line 49.
LaTeX Info: Redefining \bidicolor on input line 92.
)
(C:\Users\Stock Star\AppData\Local\Programs\MiKTeX\tex/latex/bidi\pgfcorescopes
.code-xetex-bidi.def
File: pgfcorescopes.code-xetex-bidi.def 2015/11/14 v0.1 bidi adaptations for pg
f package for XeTeX engine
))
\bidi@digits=\count462
\bidi@digits@charclass=\XeTeXcharclass1
\bidi@sepmark@charclass=\XeTeXcharclass2
)
\xepersian@tcl=\count463
\xepersian@ilg=\dimen350
\xepersian@strutilg=\dimen351

(C:\Users\Stock Star\AppData\Local\Programs\MiKTeX\tex/latex/xepersian\footnote
-xetex-bidi-xetex-xepersian.def
File: footnote-xetex-bidi-xetex-xepersian.def 2017/08/09 v0.6 xepersian adaptat
ions for footnotes for XeTeX engine
)
(C:\Users\Stock Star\AppData\Local\Programs\MiKTeX\tex/latex/xepersian\beamer-x
etex-xepersian.def
File: beamer-xetex-xepersian.def 2022/06/27 v0.2 xepersian adaptations for beam
er class for XeTeX engine

(C:\Users\Stock Star\AppData\Local\Programs\MiKTeX\tex/latex/beamer\beamerfontt
hemeserif.sty))
(C:\Users\Stock Star\AppData\Local\Programs\MiKTeX\tex/latex/xepersian\beamerba
setranslator-xetex-xepersian.def
File: beamerbasetranslator-xetex-xepersian.def 2022/06/27 v0.3 xepersian adapta
tions for beamerbasetranslator package for XeTeX engine
)
(C:\Users\Stock Star\AppData\Local\Programs\MiKTeX\tex/latex/xepersian\enumerat
e-xetex-xepersian.def
File: enumerate-xetex-xepersian.def 2010/07/25 v0.1 xepersian adaptations for e
numerate package for XeTeX engine
)
(C:\Users\Stock Star\AppData\Local\Programs\MiKTeX\tex/latex/xepersian\hyperref
-xetex-xepersian.def
File: hyperref-xetex-xepersian.def 2022/10/30 v0.8 xepersian adaptations for hy
perref package for XeTeX engine
)
(C:\Users\Stock Star\AppData\Local\Programs\MiKTeX\tex/latex/xepersian\listings
-xetex-xepersian.def
File: listings-xetex-xepersian.def 2014/07/17 v0.3 xepersian adaptations for li
stings package for XeTeX engine
)
(C:\Users\Stock Star\AppData\Local\Programs\MiKTeX\tex/latex/xepersian\url-xete
x-xepersian.def
File: url-xetex-xepersian.def 2025/09/03 v0.2 xepersian adaptations for url pac
kage for XeTeX engine
)
\xepersian@toks=\toks60
)

Package fontspec Info: 
(fontspec)             Font family 'lmroman10-regular(0)' created for font
(fontspec)             'lmroman10-regular' with options
(fontspec)             [Ligatures=TeX,Path,BoldFont={lmroman10-bold},BoldItalic
Font={lmroman10-bolditalic},ItalicFont={lmroman10-italic},SmallCapsFont={lmroma
ncaps10-regular},SlantedFont={lmromanslant10-regular},BoldSlantedFont={lmromans
lant10-bold}].
(fontspec)              
(fontspec)              This font family consists of the following NFSS
(fontspec)             series/shapes:
(fontspec)              
(fontspec)             - 'normal' (m/n) with NFSS spec.:
(fontspec)             <->"[lmroman10-regular]/OT:script=latn;language=dflt;map
ping=tex-text;"
(fontspec)             - 'small caps'  (m/sc) with NFSS spec.:
(fontspec)             <->"[lmromancaps10-regular]/OT:script=latn;language=dflt
;mapping=tex-text;"
(fontspec)             - 'bold' (b/n) with NFSS spec.:
(fontspec)             <->"[lmroman10-bold]/OT:script=latn;language=dflt;mappin
g=tex-text;"
(fontspec)             - 'bold small caps'  (b/sc) with NFSS spec.:
(fontspec)             <->"[lmromancaps10-regular]/OT:script=latn;language=dflt
;mapping=tex-text;"
(fontspec)             - 'italic' (m/it) with NFSS spec.:
(fontspec)             <->"[lmroman10-italic]/OT:script=latn;language=dflt;mapp
ing=tex-text;"
(fontspec)             - 'italic small caps'  (m/scit) with NFSS spec.:
(fontspec)             <->"[lmromancaps10-regular]/OT:script=latn;language=dflt
;mapping=tex-text;"
(fontspec)             - 'slanted' (m/sl) with NFSS spec.:
(fontspec)             <->"[lmromanslant10-regular]/OT:script=latn;language=dfl
t;mapping=tex-text;"
(fontspec)             - 'slanted small caps'  (m/scsl) with NFSS spec.:
(fontspec)             <->"[lmromancaps10-regular]/OT:script=latn;language=dflt
;mapping=tex-text;"
(fontspec)             - 'bold italic' (b/it) with NFSS spec.:
(fontspec)             <->"[lmroman10-bolditalic]/OT:script=latn;language=dflt;
mapping=tex-text;"
(fontspec)             - 'bold italic small caps'  (b/scit) with NFSS spec.:
(fontspec)             <->"[lmromancaps10-regular]/OT:script=latn;language=dflt
;mapping=tex-text;"
(fontspec)             - 'bold slanted' (b/sl) with NFSS spec.:
(fontspec)             <->"[lmromanslant10-bold]/OT:script=latn;language=dflt;m
apping=tex-text;"
(fontspec)             - 'bold slanted small caps'  (b/scsl) with NFSS spec.:
(fontspec)             <->"[lmromancaps10-regular]/OT:script=latn;language=dflt
;mapping=tex-text;"


Package fontspec Info: 
(fontspec)             XB Niloofar scale = 1.08.


Package fontspec Info: 
(fontspec)             XB Niloofar scale = 1.08.


Package fontspec Info: 
(fontspec)             XB NiloofarBd scale = 1.08.


Package fontspec Info: 
(fontspec)             XB NiloofarIt scale = 1.08.


Package fontspec Info: 
(fontspec)             XB NiloofarBdIt scale = 1.08.


Package fontspec Info: 
(fontspec)             Font family 'XBNiloofar.ttf(0)' created for font 'XB
(fontspec)             Niloofar.ttf' with options
(fontspec)             [RawFeature={script=arab},Ligatures=PersianTeX,Path=../,
Scale=1.08,BoldFont={XB
(fontspec)             NiloofarBd.ttf},ItalicFont={XB
(fontspec)             NiloofarIt.ttf},BoldItalicFont={XB NiloofarBdIt.ttf}].
(fontspec)              
(fontspec)              This font family consists of the following NFSS
(fontspec)             series/shapes:
(fontspec)              
(fontspec)             - 'normal' (m/n) with NFSS spec.: <->s*[1.08]"[../XB
(fontspec)             Niloofar.ttf]/OT:script=latn;language=dflt;script=arab;m
apping=persian-tex-text;"
(fontspec)             - 'bold' (b/n) with NFSS spec.: <->s*[1.08]"[../XB
(fontspec)             NiloofarBd.ttf]/OT:script=latn;language=dflt;script=arab
;mapping=persian-tex-text;"
(fontspec)             - 'italic' (m/it) with NFSS spec.: <->s*[1.08]"[../XB
(fontspec)             NiloofarIt.ttf]/OT:script=latn;language=dflt;script=arab
;mapping=persian-tex-text;"
(fontspec)             - 'bold italic' (b/it) with NFSS spec.:
(fontspec)             <->s*[1.08]"[../XB
(fontspec)             NiloofarBdIt.ttf]/OT:script=latn;language=dflt;script=ar
ab;mapping=persian-tex-text;"

LaTeX Font Info:    Font shape `TU/XBNiloofar.ttf(0)/m/n' will be
(Font)              scaled to size 10.80002pt on input line 35.

Package fontspec Info: 
(fontspec)             XB Niloofar scale = 1.08.

LaTeX Info: Redefining \persiansffamily on input line 42.


! Package fontspec Error: 
(fontspec)                The font "Helvetica" cannot be found; this may be
(fontspec)                but usually is not a fontspec bug. Either there is
(fontspec)                a typo in the font name/file, the font is not
(fontspec)                installed (correctly), or there is a bug in the
(fontspec)                underlying font loading engine (XeTeX/luaotfload).

For immediate help type H <return>.
 ...                                              
                                                  
l.43 
     

A font might not be found for many reasons.
 Check the spelling, where the font is installed etc. etc.

 When in doubt, ask someone for help!


LaTeX Info: Redefining \latinfont on input line 43.
\DuoSidebarWidth=\skip90
\DuoSidebarInnerWidth=\skip91
\DuoSidebarLabelWidth=\skip92
No file duodit_defense_fa.aux.
\openout1 = `duodit_defense_fa.aux'.

LaTeX Font Info:    Checking defaults for OML/cmm/m/it on input line 312.
LaTeX Font Info:    ... okay on input line 312.
LaTeX Font Info:    Checking defaults for OMS/cmsy/m/n on input line 312.
LaTeX Font Info:    ... okay on input line 312.
LaTeX Font Info:    Checking defaults for OT1/cmr/m/n on input line 312.
LaTeX Font Info:    ... okay on input line 312.
LaTeX Font Info:    Checking defaults for T1/cmr/m/n on input line 312.
LaTeX Font Info:    ... okay on input line 312.
LaTeX Font Info:    Checking defaults for TS1/cmr/m/n on input line 312.
LaTeX Font Info:    ... okay on input line 312.
LaTeX Font Info:    Checking defaults for TU/lmr/m/n on input line 312.
LaTeX Font Info:    ... okay on input line 312.
LaTeX Font Info:    Checking defaults for OMX/cmex/m/n on input line 312.
LaTeX Font Info:    ... okay on input line 312.
LaTeX Font Info:    Checking defaults for U/cmr/m/n on input line 312.
LaTeX Font Info:    ... okay on input line 312.
LaTeX Font Info:    Checking defaults for PD1/pdf/m/n on input line 312.
LaTeX Font Info:    ... okay on input line 312.
LaTeX Font Info:    Checking defaults for PU/pdf/m/n on input line 312.
LaTeX Font Info:    ... okay on input line 312.
*geometry* driver: auto-detecting
*geometry* detected driver: xetex
*geometry* verbose mode - [ preamble ] result:
* driver: xetex
* paper: custom
* layout: <same size as paper>
* layoutoffset:(h,v)=(0.0pt,0.0pt)
* modes: includehead includefoot 
* h-part:(L,W,R)=(25.03508pt, 345.98996pt, 84.21904pt)
* v-part:(T,H,B)=(0.0pt, 256.0748pt, 0.0pt)
* \paperwidth=455.24408pt
* \paperheight=256.0748pt
* \textwidth=345.98996pt
* \textheight=227.62207pt
* \oddsidemargin=-47.23491pt
* \evensidemargin=-47.23491pt
* \topmargin=-72.26999pt
* \headheight=14.22636pt
* \headsep=0.0pt
* \topskip=10.0pt
* \footskip=14.22636pt
* \marginparwidth=3.0pt
* \marginparsep=11.0pt
* \columnsep=10.0pt
* \skip\footins=9.0pt plus 4.0pt minus 2.0pt
* \hoffset=0.0pt
* \voffset=0.0pt
* \mag=1000
* \@twocolumnfalse
* \@twosidefalse
* \@mparswitchfalse
* \@reversemarginfalse
* (1in=72.27pt=25.4mm, 1cm=28.453pt)

Package hyperref Info: Link coloring OFF on input line 312.
\@outlinefile=\write5
\openout5 = `duodit_defense_fa.out'.


Package hyperref Warning: Rerun to get /PageLabels entry.


(C:\Users\Stock Star\AppData\Local\Programs\MiKTeX\tex/latex/translator\transla
tor-basic-dictionary-English.dict
Dictionary: translator-basic-dictionary, Language: English 
)
(C:\Users\Stock Star\AppData\Local\Programs\MiKTeX\tex/latex/translator\transla
tor-bibliography-dictionary-English.dict
Dictionary: translator-bibliography-dictionary, Language: English 
)
(C:\Users\Stock Star\AppData\Local\Programs\MiKTeX\tex/latex/translator\transla
tor-environment-dictionary-English.dict
Dictionary: translator-environment-dictionary, Language: English 
)
(C:\Users\Stock Star\AppData\Local\Programs\MiKTeX\tex/latex/translator\transla
tor-months-dictionary-English.dict
Dictionary: translator-months-dictionary, Language: English 
)
(C:\Users\Stock Star\AppData\Local\Programs\MiKTeX\tex/latex/translator\transla
tor-numbers-dictionary-English.dict
Dictionary: translator-numbers-dictionary, Language: English 
)
(C:\Users\Stock Star\AppData\Local\Programs\MiKTeX\tex/latex/translator\transla
tor-theorem-dictionary-English.dict
Dictionary: translator-theorem-dictionary, Language: English 
)
\c@lstlisting=\count464

Package fontspec Info: 
(fontspec)             Font family 'latinmodern-math.otf(0)' created for font
(fontspec)             'latinmodern-math.otf' with options
(fontspec)             [BoldItalicFont={},ItalicFont={},SmallCapsFont={},Script
=Math,BoldFont={latinmodern-math.otf}].
(fontspec)              
(fontspec)              This font family consists of the following NFSS
(fontspec)             series/shapes:
(fontspec)              
(fontspec)             - 'normal' (m/n) with NFSS spec.:
(fontspec)             <->"[latinmodern-math.otf]/OT:script=math;language=dflt;
"
(fontspec)             - 'bold' (b/n) with NFSS spec.:
(fontspec)             <->"[latinmodern-math.otf]/OT:script=math;language=dflt;
"


Package fontspec Info: 
(fontspec)             Font family 'latinmodern-math.otf(1)' created for font
(fontspec)             'latinmodern-math.otf' with options
(fontspec)             [BoldItalicFont={},ItalicFont={},SmallCapsFont={},Script
=Math,SizeFeatures={{Size=8.5-},{Size=6-8.5,Font=latinmodern-math.otf,Style=Mat
hScript},{Size=-6,Font=latinmodern-math.otf,Style=MathScriptScript}},BoldFont={
latinmodern-math.otf}].
(fontspec)              
(fontspec)              This font family consists of the following NFSS
(fontspec)             series/shapes:
(fontspec)              
(fontspec)             - 'normal' (m/n) with NFSS spec.:
(fontspec)             <8.5->"[latinmodern-math.otf]/OT:script=math;language=df
lt;"<6-8.5>"[latinmodern-math.otf]/OT:script=math;language=dflt;+ssty=0;"<-6>"[
latinmodern-math.otf]/OT:script=math;language=dflt;+ssty=1;"
(fontspec)             - 'bold' (b/n) with NFSS spec.:
(fontspec)             <->"[latinmodern-math.otf]/OT:script=math;language=dflt;
"

LaTeX Font Info:    Encoding `OT1' has changed to `TU' for symbol font
(Font)              `operators' in the math version `normal' on input line 312.

LaTeX Font Info:    Overwriting symbol font `operators' in version `normal'
(Font)                  OT1/cmr/m/n --> TU/latinmodern-math.otf(1)/m/n on input
 line 312.
LaTeX Font Info:    Encoding `OT1' has changed to `TU' for symbol font
(Font)              `operators' in the math version `bold' on input line 312.
LaTeX Font Info:    Overwriting symbol font `operators' in version `bold'
(Font)                  OT1/cmr/bx/n --> TU/latinmodern-math.otf(1)/b/n on inpu
t line 312.

Package fontspec Info: 
(fontspec)             latinmodern-math scale = 1.0001.


Package fontspec Info: 
(fontspec)             latinmodern-math scale = 1.0001.


Package fontspec Info: 
(fontspec)             latinmodern-math scale = 1.0001.


Package fontspec Info: 
(fontspec)             latinmodern-math scale = 1.0001.


Package fontspec Info: 
(fontspec)             latinmodern-math scale = 1.0001.


Package fontspec Info: 
(fontspec)             Font family 'latinmodern-math.otf(2)' created for font
(fontspec)             'latinmodern-math.otf' with options
(fontspec)             [BoldItalicFont={},ItalicFont={},SmallCapsFont={},Script
=Math,SizeFeatures={{Size=8.5-},{Size=6-8.5,Font=latinmodern-math.otf,Style=Mat
hScript},{Size=-6,Font=latinmodern-math.otf,Style=MathScriptScript}},BoldFont={
latinmodern-math.otf},ScaleAgain=1.0001,FontAdjustment={\fontdimen
(fontspec)             8\font =6.77pt\relax \fontdimen 9\font =3.94pt\relax
(fontspec)             \fontdimen 10\font =4.44pt\relax \fontdimen 11\font
(fontspec)             =6.86pt\relax \fontdimen 12\font =3.45pt\relax
(fontspec)             \fontdimen 13\font =3.63pt\relax \fontdimen 14\font
(fontspec)             =3.63pt\relax \fontdimen 15\font =2.89pt\relax
(fontspec)             \fontdimen 16\font =2.47pt\relax \fontdimen 17\font
(fontspec)             =2.47pt\relax \fontdimen 18\font =2.5pt\relax
(fontspec)             \fontdimen 19\font =2.0pt\relax \fontdimen 22\font
(fontspec)             =2.5pt\relax \fontdimen 20\font =0pt\relax \fontdimen
(fontspec)             21\font =0pt\relax }].
(fontspec)              
(fontspec)              This font family consists of the following NFSS
(fontspec)             series/shapes:
(fontspec)              
(fontspec)             - 'normal' (m/n) with NFSS spec.:
(fontspec)             <8.5->s*[1.0001]"[latinmodern-math.otf]/OT:script=math;l
anguage=dflt;"<6-8.5>s*[1.0001]"[latinmodern-math.otf]/OT:script=math;language=
dflt;+ssty=0;"<-6>s*[1.0001]"[latinmodern-math.otf]/OT:script=math;language=dfl
t;+ssty=1;"
(fontspec)             - 'bold' (b/n) with NFSS spec.:
(fontspec)             <->s*[1.0001]"[latinmodern-math.otf]/OT:script=math;lang
uage=dflt;"

LaTeX Font Info:    Encoding `OMS' has changed to `TU' for symbol font
(Font)              `symbols' in the math version `normal' on input line 312.
LaTeX Font Info:    Overwriting symbol font `symbols' in version `normal'
(Font)                  OMS/cmsy/m/n --> TU/latinmodern-math.otf(2)/m/n on inpu
t line 312.
LaTeX Font Info:    Encoding `OMS' has changed to `TU' for symbol font
(Font)              `symbols' in the math version `bold' on input line 312.
LaTeX Font Info:    Overwriting symbol font `symbols' in version `bold'
(Font)                  OMS/cmsy/b/n --> TU/latinmodern-math.otf(2)/b/n on inpu
t line 312.

Package fontspec Info: 
(fontspec)             latinmodern-math scale = 0.9999.


Package fontspec Info: 
(fontspec)             latinmodern-math scale = 0.9999.


Package fontspec Info: 
(fontspec)             latinmodern-math scale = 0.9999.


Package fontspec Info: 
(fontspec)             latinmodern-math scale = 0.9999.


Package fontspec Info: 
(fontspec)             latinmodern-math scale = 0.9999.


Package fontspec Info: 
(fontspec)             Font family 'latinmodern-math.otf(3)' created for font
(fontspec)             'latinmodern-math.otf' with options
(fontspec)             [BoldItalicFont={},ItalicFont={},SmallCapsFont={},Script
=Math,SizeFeatures={{Size=8.5-},{Size=6-8.5,Font=latinmodern-math.otf,Style=Mat
hScript},{Size=-6,Font=latinmodern-math.otf,Style=MathScriptScript}},BoldFont={
latinmodern-math.otf},ScaleAgain=0.9999,FontAdjustment={\fontdimen
(fontspec)             8\font =0.4pt\relax \fontdimen 9\font =2.0pt\relax
(fontspec)             \fontdimen 10\font =1.67pt\relax \fontdimen 11\font
(fontspec)             =1.11pt\relax \fontdimen 12\font =6.0pt\relax
(fontspec)             \fontdimen 13\font =0pt\relax }].
(fontspec)              
(fontspec)              This font family consists of the following NFSS
(fontspec)             series/shapes:
(fontspec)              
(fontspec)             - 'normal' (m/n) with NFSS spec.:
(fontspec)             <8.5->s*[0.9999]"[latinmodern-math.otf]/OT:script=math;l
anguage=dflt;"<6-8.5>s*[0.9999]"[latinmodern-math.otf]/OT:script=math;language=
dflt;+ssty=0;"<-6>s*[0.9999]"[latinmodern-math.otf]/OT:script=math;language=dfl
t;+ssty=1;"
(fontspec)             - 'bold' (b/n) with NFSS spec.:
(fontspec)             <->s*[0.9999]"[latinmodern-math.otf]/OT:script=math;lang
uage=dflt;"

LaTeX Font Info:    Encoding `OMX' has changed to `TU' for symbol font
(Font)              `largesymbols' in the math version `normal' on input line 3
12.
LaTeX Font Info:    Overwriting symbol font `largesymbols' in version `normal'
(Font)                  OMX/cmex/m/n --> TU/latinmodern-math.otf(3)/m/n on inpu
t line 312.
LaTeX Font Info:    Encoding `OMX' has changed to `TU' for symbol font
(Font)              `largesymbols' in the math version `bold' on input line 312
.
LaTeX Font Info:    Overwriting symbol font `largesymbols' in version `bold'
(Font)                  OMX/cmex/m/n --> TU/latinmodern-math.otf(3)/b/n on inpu
t line 312.

No file duodit_defense_fa.nav.
LaTeX Font Info:    Font shape `TU/XBNiloofar.ttf(0)/m/n' will be
(Font)              scaled to size 5.40001pt on input line 312.
LaTeX Font Info:    Font shape `TU/XBNiloofar.ttf(0)/m/n' will be
(Font)              scaled to size 7.56001pt on input line 312.
LaTeX Font Info:    Font shape `TU/XBNiloofar.ttf(0)/b/n' will be
(Font)              scaled to size 5.40001pt on input line 312.
LaTeX Font Info:    Font shape `TU/latinmodern-math.otf(2)/m/n' will be
(Font)              scaled to size 5.00053pt on input line 312.
LaTeX Font Info:    Font shape `TU/latinmodern-math.otf(3)/m/n' will be
(Font)              scaled to size 4.99947pt on input line 312.
LaTeX Font Info:    Trying to load font information for U+msa on input line 312
.
(C:\Users\Stock Star\AppData\Local\Programs\MiKTeX\tex/latex/amsfonts\umsa.fd
File: umsa.fd 2013/01/14 v3.01 AMS symbols A
)
LaTeX Font Info:    Trying to load font information for U+msb on input line 312
.

(C:\Users\Stock Star\AppData\Local\Programs\MiKTeX\tex/latex/amsfonts\umsb.fd
File: umsb.fd 2013/01/14 v3.01 AMS symbols B
)
File: graphics/components/tmu-logo.png Graphic file (type bmp)
<graphics/components/tmu-logo.png>
LaTeX Font Info:    Font shape `TU/XBNiloofar.ttf(0)/m/n' will be
(Font)              scaled to size 22.39923pt on input line 316.
LaTeX Font Info:    Font shape `TU/XBNiloofar.ttf(0)/b/n' will be
(Font)              scaled to size 22.39923pt on input line 316.
LaTeX Font Info:    Font shape `TU/latinmodern-math.otf(2)/m/n' will be
(Font)              scaled to size 20.74222pt on input line 316.
LaTeX Font Info:    Font shape `TU/latinmodern-math.otf(2)/m/n' will be
(Font)              scaled to size 14.40152pt on input line 316.
LaTeX Font Info:    Font shape `TU/latinmodern-math.otf(2)/m/n' will be
(Font)              scaled to size 12.00128pt on input line 316.
LaTeX Font Info:    Font shape `TU/latinmodern-math.otf(3)/m/n' will be
(Font)              scaled to size 20.73778pt on input line 316.
LaTeX Font Info:    Font shape `TU/latinmodern-math.otf(3)/m/n' will be
(Font)              scaled to size 14.39845pt on input line 316.
LaTeX Font Info:    Font shape `TU/latinmodern-math.otf(3)/m/n' will be
(Font)              scaled to size 11.99872pt on input line 316.
LaTeX Font Info:    Font shape `TU/XBNiloofar.ttf(0)/m/n' will be
(Font)              scaled to size 9.72002pt on input line 316.
LaTeX Font Info:    Font shape `TU/XBNiloofar.ttf(0)/b/n' will be
(Font)              scaled to size 9.72002pt on input line 316.
LaTeX Font Info:    Font shape `TU/XBNiloofar.ttf(0)/m/n' will be
(Font)              scaled to size 8.64001pt on input line 316.
LaTeX Font Info:    Font shape `TU/XBNiloofar.ttf(0)/m/it' will be
(Font)              scaled to size 8.64001pt on input line 316.
LaTeX Font Info:    Font shape `TU/XBNiloofar.ttf(0)/b/it' will be
(Font)              scaled to size 8.64001pt on input line 316.

[1

]
Underfull \hbox (badness 10000) detected at line 350
[][][][][][][][][]
 []

LaTeX Font Info:    Font shape `TU/XBNiloofar.ttf(0)/m/n' will be
(Font)              scaled to size 15.55202pt on input line 350.
LaTeX Font Info:    Font shape `TU/XBNiloofar.ttf(0)/b/n' will be
(Font)              scaled to size 15.55202pt on input line 350.
LaTeX Font Info:    Font shape `TU/XBNiloofar.ttf(0)/m/n' will be
(Font)              scaled to size 4.32pt on input line 350.
[2

]
LaTeX Font Info:    Font shape `TU/XBNiloofar.ttf(0)/b/n' will be
(Font)              scaled to size 10.80002pt on input line 382.
LaTeX Font Info:    Font shape `TU/XBNiloofar.ttf(0)/b/n' will be
(Font)              scaled to size 7.56001pt on input line 382.


LaTeX Warning: File `cae.png' not found on input line 382.

! Unable to load picture or PDF file 'cae.png'.
<to be read again> 
                   }
l.382 \end{frame}
                 
The requested image couldn't be read because
it was not a recognized image format.


! Package graphics Error: Division by 0.

See the graphics package documentation for explanation.
Type  H <return>  for immediate help.
 ...                                              
                                                  
l.382 \end{frame}
                 
Your command was ignored.
Type  I <command> <return>  to replace it with another command,
or  <return>  to continue without it.


! Package graphics Error: Division by 0.

See the graphics package documentation for explanation.
Type  H <return>  for immediate help.
 ...                                              
                                                  
l.382 \end{frame}
                 
Your command was ignored.
Type  I <command> <return>  to replace it with another command,
or  <return>  to continue without it.

File: cae.png Graphic file (type bmp)
<cae.png>

LaTeX Font Warning: Font shape `TU/Helvetica(0)/b/n' undefined
(Font)              using `TU/Helvetica(0)/m/n' instead on input line 382.

! Font TU/Helvetica(0)/m/n/7=Helvetica at 7.0pt not loadable: Metric (TFM) file
 or installed font not found.
<to be read again> 
                   relax 
l.382 \end{frame}
                 
I wasn't able to read the size data for this font,
so I will ignore the font specification.
[Wizards can fix TFM files using TFtoPL/PLtoTF.]
You might try inserting a different font spec;
e.g., type `I\font<same font id>=<substitute font name>'.

! Font TU/Helvetica(0)/b/n/7=Helvetica at 7.0pt not loadable: Metric (TFM) file
 or installed font not found.
<to be read again> 
                   relax 
l.382 \end{frame}
                 
I wasn't able to read the size data for this font,
so I will ignore the font specification.
[Wizards can fix TFM files using TFtoPL/PLtoTF.]
You might try inserting a different font spec;
e.g., type `I\font<same font id>=<substitute font name>'.

Missing character: There is no G in font nullfont!
Missing character: There is no A in font nullfont!
Missing character: There is no N in font nullfont!

LaTeX Warning: File `gans.png' not found on input line 382.

! Unable to load picture or PDF file 'gans.png'.
<to be read again> 
                   }
l.382 \end{frame}
                 
The requested image couldn't be read because
it was not a recognized image format.


! Package graphics Error: Division by 0.

See the graphics package documentation for explanation.
Type  H <return>  for immediate help.
 ...                                              
                                                  
l.382 \end{frame}
                 
Your command was ignored.
Type  I <command> <return>  to replace it with another command,
or  <return>  to continue without it.


! Package graphics Error: Division by 0.

See the graphics package documentation for explanation.
Type  H <return>  for immediate help.
 ...                                              
                                                  
l.382 \end{frame}
                 
Your command was ignored.
Type  I <command> <return>  to replace it with another command,
or  <return>  to continue without it.

File: gans.png Graphic file (type bmp)
<gans.png>
LaTeX Font Info:    Font shape `TU/latinmodern-math.otf(2)/m/n' will be
(Font)              scaled to size 10.00107pt on input line 382.
LaTeX Font Info:    Font shape `TU/latinmodern-math.otf(2)/m/n' will be
(Font)              scaled to size 7.00075pt on input line 382.
LaTeX Font Info:    Font shape `TU/latinmodern-math.otf(3)/m/n' will be
(Font)              scaled to size 9.99893pt on input line 382.
LaTeX Font Info:    Font shape `TU/latinmodern-math.otf(3)/m/n' will be
(Font)              scaled to size 6.99925pt on input line 382.
Missing character: There is no V in font nullfont!
Missing character: There is no A in font nullfont!
Missing character: There is no E in font nullfont!
Missing character: There is no G in font nullfont!
Missing character: There is no A in font nullfont!
Missing character: There is no N in font nullfont!
Missing character: There is no D in font nullfont!
Missing character: There is no i in font nullfont!
Missing character: There is no f in font nullfont!
Missing character: There is no f in font nullfont!
Missing character: There is no u in font nullfont!
Missing character: There is no s in font nullfont!
Missing character: There is no i in font nullfont!
Missing character: There is no o in font nullfont!
Missing character: There is no n in font nullfont!
File: graphics/noise_to_image_frames/noise_to_image_0.png Graphic file (type bm
p)
<graphics/noise_to_image_frames/noise_to_image_0.png>
File: graphics/noise_to_image_frames/noise_to_image_12.png Graphic file (type b
mp)
<graphics/noise_to_image_frames/noise_to_image_12.png>
File: graphics/noise_to_image_frames/noise_to_image_24.png Graphic file (type b
mp)
<graphics/noise_to_image_frames/noise_to_image_24.png>
File: graphics/noise_to_image_frames/noise_to_image_35.png Graphic file (type b
mp)
<graphics/noise_to_image_frames/noise_to_image_35.png>
[3

]
Missing character: There is no I in font nullfont!
Missing character: There is no m in font nullfont!
Missing character: There is no a in font nullfont!
Missing character: There is no g in font nullfont!
Missing character: There is no e in font nullfont!
Missing character: There is no N in font nullfont!
Missing character: There is no e in font nullfont!
Missing character: There is no t in font nullfont!
Missing character: There is no - in font nullfont!
Missing character: There is no 1 in font nullfont!
Missing character: There is no K in font nullfont!
Missing character: There is no 2 in font nullfont!
Missing character: There is no 5 in font nullfont!
Missing character: There is no 6 in font nullfont!
Missing character: There is no x in font nullfont!
Missing character: There is no 2 in font nullfont!
Missing character: There is no 5 in font nullfont!
Missing character: There is no 6 in font nullfont!
File: ../images/028102-class0102.png Graphic file (type bmp)
<../images/028102-class0102.png>
File: ../images/009986-class0986.png Graphic file (type bmp)
<../images/009986-class0986.png>
File: ../images/028072-class0072.png Graphic file (type bmp)
<../images/028072-class0072.png>
File: ../images/023090-class0090.png Graphic file (type bmp)
<../images/023090-class0090.png>
File: ../images/044100-class0100.png Graphic file (type bmp)
<../images/044100-class0100.png>
File: ../images/037095-class0095.png Graphic file (type bmp)
<../images/037095-class0095.png>
! Font TU/Helvetica(0)/b/n/14.4=Helvetica at 14.4pt not loadable: Metric (TFM) 
file or installed font not found.
<to be read again> 
                   relax 
l.406 \end{frame}
                 
I wasn't able to read the size data for this font,
so I will ignore the font specification.
[Wizards can fix TFM files using TFtoPL/PLtoTF.]
You might try inserting a different font spec;
e.g., type `I\font<same font id>=<substitute font name>'.

Missing character: There is no I in font nullfont!
Missing character: There is no m in font nullfont!
Missing character: There is no a in font nullfont!
Missing character: There is no g in font nullfont!
Missing character: There is no e in font nullfont!
Missing character: There is no N in font nullfont!
Missing character: There is no e in font nullfont!
Missing character: There is no t in font nullfont!
Missing character: There is no - in font nullfont!
Missing character: There is no 1 in font nullfont!
Missing character: There is no K in font nullfont!
[4

]
! Font TU/Helvetica(0)/b/n/10=Helvetica at 10.0pt not loadable: Metric (TFM) fi
le or installed font not found.
<to be read again> 
                   relax 
l.433 \end{frame}
                 
I wasn't able to read the size data for this font,
so I will ignore the font specification.
[Wizards can fix TFM files using TFtoPL/PLtoTF.]
You might try inserting a different font spec;
e.g., type `I\font<same font id>=<substitute font name>'.

Missing character: There is no F in font nullfont!
Missing character: There is no I in font nullfont!
Missing character: There is no D in font nullfont!
Missing character: There is no K in font nullfont!
Missing character: There is no I in font nullfont!
Missing character: There is no D in font nullfont!
Missing character: There is no L in font nullfont!
Missing character: There is no P in font nullfont!
Missing character: There is no I in font nullfont!
Missing character: There is no P in font nullfont!
Missing character: There is no S in font nullfont!
Missing character: There is no F in font nullfont!
Missing character: There is no I in font nullfont!
Missing character: There is no D in font nullfont!
Missing character: There is no K in font nullfont!
Missing character: There is no I in font nullfont!
Missing character: There is no D in font nullfont!
Missing character: There is no L in font nullfont!
Missing character: There is no P in font nullfont!
Missing character: There is no I in font nullfont!
Missing character: There is no P in font nullfont!
Missing character: There is no S in font nullfont!
[5

